Num_document	Reference	Description	Quantite
BL25-03	BVC-001	Bonbonničre en verre + couvercle en cuivre	60
BL25-11	BVC-001	Bonbonničre en verre + couvercle en cuivre	26
BL25-12	BVC-001	Bonbonničre en verre + couvercle en cuivre	50
BL25-19	BVC-001	Bonbonničre en verre + couvercle en cuivre	40
BL25-35	BVC-001	Bonbonničre en verre + couvercle en cuivre	72
BL25-35	BV-001	Bonbonničre en verre	3
BL25-37	BVC-001	Bonbonničre en verre + couvercle en cuivre	19
BL25-37	BV-001	Bonbonničre en verre	3
BL25-23	BVC-001	Bonbonničre en verre + couvercle en cuivre	47
BL25-21	BVC-001	Bonbonničre en verre + couvercle en cuivre	16
BL25-25	BVC-001	Bonbonničre en verre + couvercle en cuivre	4
BL25-18	BVC-001	Bonbonničre en verre + couvercle en cuivre	39
BL25-17	BVC-001	Bonbonničre en verre + couvercle en cuivre	1
BL25-16	BVC-001	Bonbonničre en verre + couvercle en cuivre	3
BL25-09	BVC-001	Bonbonničre en verre + couvercle en cuivre	13
BL25-06	BVC-001	Bonbonničre en verre + couvercle en cuivre	8
BL25-04	BVC-001	Bonbonničre en verre + couvercle en cuivre	8
BL25-05	BVC-001	Bonbonničre en verre + couvercle en cuivre	15
BL25-26	BVC-001	Bonbonničre en verre + couvercle en cuivre	29
BL25-27	BVC-001	Bonbonničre en verre + couvercle en cuivre	32
BL25-24	BVC-001	Bonbonničre en verre + couvercle en cuivre	36
BL25-22	BVC-001	Bonbonničre en verre + couvercle en cuivre	7
BL25-14	BVC-001	Bonbonničre en verre + couvercle en cuivre	24
BL25-20	BVC-001	Bonbonničre en verre + couvercle en cuivre	13
BL25-36	BVC-001	Bonbonničre en verre + couvercle en cuivre	3
BL25-36	BV-001	Bonbonničre en verre	5
BL25-10	BVC-001	Bonbonničre en verre + couvercle en cuivre	38
BL25-15	BVC-001	Bonbonničre en verre + couvercle en cuivre	23
BL25-07	BVC-001	Bonbonničre en verre + couvercle en cuivre	97
BL25-08	BVC-001	Bonbonničre en verre + couvercle en cuivre	13
BL25-28	BVC-001	Bonbonničre en verre + couvercle en cuivre	7
BL25-29	BVC-001	Bonbonničre en verre + couvercle en cuivre	3
BL25-30	BVC-001	Bonbonničre en verre + couvercle en cuivre	4
BL25-31	BVC-001	Bonbonničre en verre + couvercle en cuivre	4
BL25-31	BVC-001	Bonbonničre en verre + couvercle en cuivre	7
BL25-31	BVC-001	Bonbonničre en verre + couvercle en cuivre	32
BL24-02	CMM	Coffret Mathred + Lance Parfum + Chapelet	432
BL25-29	STL	Stylos LilasDream	1500
BL25-31	Ph-T1	Photophore Sidi Bousaid T1	5
BL25-31	Ph-T2	Photophore Sidi Bousaid T2	5
BL25-31	Ph-T3	Photophore Sidi Bousaid T3	5
BL25-31	Ph-T4	Photophore Sidi Bousaid T4	5
BL25-31	TB-01	Trio Bougies Sidi Bousaid	5
BL25-32	TP-001	Thermos ŕ paille	450
BL25-32	Pers-1	Personnalisation	450
BL25-32	TOT-001	Tote Bag personnalisé	450
BL25-30	BVC-001	Bonbonniére en verre craquelé + Cuivre	10
BL25-33	BON-001	Bonbonničre Verre + Cuivre 1	20
BL25-33	BON-002	Bonbonničre Verre + Cuivre 2	20
