Reference;Nom;Prix_Unitaire_TND;Description;Stock;Categorie;URL;Source
DS-001-SO;Diffuseur Sougui;20,00;Tote bag entoile canvas de coton épaisse, illustré avec des motifs inspirés de la culture tunisienne. Résistant, élégant et réutilisable — l’allié parfait du quotidien.;;Couffins & Foutas;https://sougui.tn/product/tote-bag-sougui/;Sougui
BP-001-SO;Bougie Parfumée Sougui;20,00;Tote bag entoile canvas de coton épaisse, illustré avec des motifs inspirés de la culture tunisienne. Résistant, élégant et réutilisable — l’allié parfait du quotidien.;;Couffins & Foutas;https://sougui.tn/product/tote-bag-sougui/;Sougui
CFA-001-SO;Coffret Flamme d’artisan – Jasmin Noir ou Silex;50,00;Coffret élégant comprenant un diffuseur et une bougie artisanale. Disponible en deux parfums envoûtants : Jasmin Noir et Silex.;;Esprit Romance;https://sougui.tn/product/coffret-diffuseur-et-bougie-jasmin-noir-ou-silex/;Sougui
SGE-001-NA;Set Gourmet l'éveil céramique Vet d'eau;200,00;Découvrez leSet Gourmet L’Éveil, un service de vaisselle encéramique en pâte blanche, disponible enBleu Gris, Terracotta et Vert d’Eau. Un design épuré et artisanal pour une table élégante et chaleureuse.;;Service de Table;https://sougui.tn/product/set-gourmet-leveil-vaisselle-en-ceramique-en-pate-blanche-bleu-gris-terracotta-vert-deau/;Sougui
SGE-002-NA;Set Gourmet l'éveil céramique Bleu Gris;200,00;Découvrez leSet Gourmet L’Éveil, un service de vaisselle encéramique en pâte blanche, disponible enBleu Gris, Terracotta et Vert d’Eau. Un design épuré et artisanal pour une table élégante et chaleureuse.;;Service de Table;https://sougui.tn/product/set-gourmet-leveil-vaisselle-en-ceramique-en-pate-blanche-bleu-gris-terracotta-vert-deau/;Sougui
SGE-003-NA;Set Gourmet l'éveil céramique Terracotta;200,00;Découvrez leSet Gourmet L’Éveil, un service de vaisselle encéramique en pâte blanche, disponible enBleu Gris, Terracotta et Vert d’Eau. Un design épuré et artisanal pour une table élégante et chaleureuse.;;Service de Table;https://sougui.tn/product/set-gourmet-leveil-vaisselle-en-ceramique-en-pate-blanche-bleu-gris-terracotta-vert-deau/;Sougui
SO-001-NA;Set de TABLE « Organica »;184,00;Apportez une touche d’élégance à votre table avec ceset en céramique en pâte blanche vert mat. Un design épuré et intemporel qui s’adapte à toutes les occasions.;;Service de Table;https://sougui.tn/product/set-de-vaisselle-organica-en-pate-blanche-19-pieces-pour-6-personnes/;Sougui
SA-001-NA;Set de TABLE « Astéria »;184,00;Découvrez leSet de Vaisselle Asteria, une création artisanale encéramique en pâte blancheavec un effet moucheté unique. Son contraste subtil entre l’intérieur blanc éclatant et la finition naturelle extérieure apporte une touche élégante et intemporelle à votre table.;;Service de Table;https://sougui.tn/product/service-de-table-asteria/;Sougui
SOV-001-NA;Set de TABLE « olivéa » en grès ;184,00;Set de vaisselle en grès « Olivéa » – Plongez dans une ambiance apaisante avec ceset en grès vert mat. Un design épuré inspiré de la nature, parfait pour une table chaleureuse et tendance.;;Service de Table;https://sougui.tn/product/set-complet-olivea-en-gres-31-pieces-pour-6-personnes/;Sougui
SSN-001-2M;Set « Séli » en Grès Noirs;184,00;Leset « Séli »est conçu pour les amateurs devaisselle élégante et durable. Fabriqué engrès noir texturé, il alliesolidité, modernité et artisanat haut de gamme.;;Service de Table;https://sougui.tn/product/set-complet-seli-en-gres-noir-31-pieces-elegantes-et-authentiques/;Sougui
SSB-001-2M;Set « Séa » en Grès Blanc Moucheté;184,00;Leset « Séa »est parfait pour une table lumineuse et épurée 🌿. Fabriqué engrès blanc avec des éclats mouchetés, il se distingue par safinition texturée et son design intemporel.;;Service de Table;https://sougui.tn/product/%f0%9f%a4%8d-set-complet-sea-en-gres-blanc-mouchete-31-pieces-elegantes-et-raffinees-%f0%9f%8d%bd%ef%b8%8f%e2%9c%a8/;Sougui
CGO-001-2M;Carafe et 6 Gobelets « Olivéa » en Grès – Élégance Naturelle et Authentique;90,00;Set « Olivéa » en grès, comprenant une carafe et 6 gobelets au design raffiné et épuré. Idéal pour un service élégant et authentique.;;Service de Table;https://sougui.tn/product/carafe-et-6-gobelets-olivea-en-gres-elegance-naturelle-et-authentique/;Sougui
DBO-001-2M;Duo de Bouteilles avec Support « Olivéa » en Grès;34,00;Set « Olivéa » composé de 2 bouteilles en grès avec leur support assorti. Parfait pour l’huile et le vinaigre, apportant une touche artisanale à votre table.;En stock;Service de Table;https://sougui.tn/product/duo-de-bouteilles-avec-support-olivea-en-gres-elegance-naturelle/;Sougui
CGS-001-2M;Carafe et 6 Gobelets « Séa » en Grès – Élégance Naturelle et Authentique;90,00;Apportez une touche de pureté à vos moments de dégustation avec laCarafe « Séa » et ses 6 gobelets en grès blanc. Un design épuré, authentique et intemporel.;Rupture;Service de Table;https://sougui.tn/product/%f0%9f%a4%8d-carafe-et-6-gobelets-sea-en-gres-purete-et-elegance-naturelle/;Sougui
CGS-002-2M;Carafe et 6 Gobelets « Séli » en Grès – Élégance Naturelle et Authentique;90,00;Découvrez laCarafe « Séli » et ses 6 gobelets en grès. Un design brut et élégant, inspiré par la nature, parfait pour vos moments de dégustation.;Rupture;Service de Table;https://sougui.tn/product/%f0%9f%96%a4-carafe-et-6-gobelets-seli-en-gres-elegance-naturelle-et-authentique/;Sougui
BCM-001-KB;Bonbonniére Cuivre martelé 1;80,00;Élégante boîte martelée en cuivre argenté avec pompon rouge diamètre 12 cm, idéale pour une décoration raffinée.;Rupture;Cuivres;https://sougui.tn/product/boite-martelee-en-cuivre-argente/;Sougui
LPC-001-KB;Lance parfum cuivre martelé 1;40,00;Encensoir en métal martelé, décoré d’un élégant pompon bleu. Idéal pour diffuser des senteurs et embellir votre espace.;Rupture;Cuivres;https://sougui.tn/product/mrach-encensoir-traditionnel-en-metal-martele-avec-pompon-bleu/;Sougui
MC-001-KB;Mathred Cuivre martelé 1;34,00;Élégante coupe à pied en cuivre argenté martelé, idéale pour sublimer votre table ou décoration.;Rupture;Cuivres;https://sougui.tn/product/mathred-coupe-a-pied-martelee-en-cuivre-argente/;Sougui
ZCL-001-KB;Zazoua Cuivre martelé manche en laiton 1;34,00;Petite Zazwa en cuivre martelé, avec un manche en laiton. Conçue pour préparer du café traditionnel pour deux personnes.;Rupture;Cuivres;https://sougui.tn/product/petite-zazwa-en-cuivre-martele/;Sougui
ZCL-002-KB;Zazoua Cuivre martelé manche en laiton 2;45,00;Zazwa traditionnelle en cuivre martelé avec un manche en laiton ergonomique. Idéale pour une préparation authentique de café à la tunisienne.;Rupture;Cuivres;https://sougui.tn/product/zazwa-en-cuivre-martele-avec-manche-en-laiton-4pax/;Sougui
MCM-001-KB;Mug en cuivre martelé;50,00;Bonbonnières raffinées en verre soufflé fait main avec couvercle en cuivre martelé. Disponibles en trois teintes : Transparent, Miel et Ébène.Prix promo : 50 DT au lieu de 75 DT.;;Verres;https://sougui.tn/product/bonbonnieres-en-verre-souffle-cuivre-martele/;Sougui
CVC-001-KB;Carafe « el bey » en verre et cuivre martelé;125,00;Une carafe en verre élégante avec des détails en cuivre martelé et un pompon doré, idéale pour vos boissons.;Rupture;Verres;https://sougui.tn/product/carafe-el-bey-en-verre-et-cuivre-martele/;Sougui
TCM-001-KB;Théière en cuivre martelé;90,00;Une théière en métal martelé avec un design sophistiqué et un pompon doré, parfaite pour des moments de thé inoubliables.;Rupture;Cuivres;https://sougui.tn/product/theiere-en-cuivre-martele/;Sougui
VTC-001-KB;Verre de thé avec base en cuivre;16,50;Un verre transparent avec une base en métal, idéal pour ajouter une touche sophistiquée à votre service de table.;Rupture;Cuivres;https://sougui.tn/product/verre-de-the-avec-base-en-cuivre/;Sougui
PCM-001-KB;Plateau rond en métal martelé (25cm);85,00;Un plateau rond en métal martelé, parfait pour servir vos invités avec une touche d’élégance.;Rupture;Cuivres;https://sougui.tn/product/plateau-rond-en-metal-martele-25cm/;Sougui
PCM-002-KB;Plateau rond profond en cuivre martelé (34cm);115,00;Plateau rond profond en métal martelé, alliant fonctionnalité et élégance pour vos réceptions et décorations de table.;Rupture;Cuivres;https://sougui.tn/product/plateau-rond-profond-en-cuivre-martele-34cm/;Sougui
BVC-001-KB;Boîte en verre avec couvercle en cuivre martelé;65,00;Boîte en verre avec couvercle en cuivre martelé et pompon décoratif, idéale pour ranger des petits objets ou sublimer votre table.;Rupture;Verres;https://sougui.tn/product/boite-en-verre-avec-couvercle-en-cuivre-martele/;Sougui
TCC-001-KB;Tasse à café avec support en cuivre martelé et soucoupe;30,00;Sublimez vos pauses café avec cette tasse en céramique blanche, accompagnée d’un support en métal martelé et d’une soucoupe assortie.;Rupture;Cuivres;https://sougui.tn/product/tasse-a-cafe-avec-support-en-cuivre-martele-et-soucoupe/;Sougui
BCL-001-RL;Bouteille en céramique décorée avec bouchon en liège;20,00;Bouteille en céramique de 75 cl avec motifs ottomans peints à la main. Idéale pour l’huile d’olive, le vinaigre ou la décoration. Prix : 20 DT.;En stock;Céramiques;https://sougui.tn/product/bouteille-en-ceramique-motifs-ottomans-peints-a-la-main-75-cl/;Sougui
PSC-001-RL;Porte-serviettes en céramique décoré fleurs;17,00;Ajoutez une touche artisanale à votre table avec ce porte-serviettes en céramique orné de motifs floraux peints à la main.;Rupture;Céramiques;https://sougui.tn/product/porte-serviettes-en-ceramique-decore/;Sougui
MC-001-RL;Mug en céramique minimaliste;15,00;Ce mug en céramique blanche au design minimaliste est parfait pour une touche élégante et moderne à vos pauses café ou thé.;Rupture;Céramiques;https://sougui.tn/product/mug-en-ceramique-minimaliste/;Sougui
BCL-002-RL;Bouteille en Céramique à Motifs Andalous;20,00;Bouteille artisanale en céramique avec des motifs andalous colorés, idéale pour stocker de l’huile, du vinaigre ou comme pièce décorative.;Rupture;Céramiques;https://sougui.tn/product/bouteille-en-ceramique-a-motifs-andalous/;Sougui
BCL-003-RL;Bouteille en Céramique à Motifs Andalous 2;20,00;Bouteille en céramique de 75 cl avec motifs ottomans peints à la main. Idéale pour l’huile d’olive, le vinaigre ou la décoration. Prix : 20 DT.;En stock;Céramiques;https://sougui.tn/product/bouteille-en-ceramique-motifs-ottomans-peints-a-la-main-75-cl/;Sougui
BCL-004-RL;Bouteille en Céramique à Motif VISAGE ;20,00;Bouteille en céramique de 75 cl avec motifs ottomans peints à la main. Idéale pour l’huile d’olive, le vinaigre ou la décoration. Prix : 20 DT.;En stock;Céramiques;https://sougui.tn/product/bouteille-en-ceramique-motifs-ottomans-peints-a-la-main-75-cl/;Sougui
BCL-005-RL;Bouteille en Céramique à Motif Calligraphie 1;20,00;Bouteille en céramique de 75 cl avec motifs ottomans peints à la main. Idéale pour l’huile d’olive, le vinaigre ou la décoration. Prix : 20 DT.;En stock;Céramiques;https://sougui.tn/product/bouteille-en-ceramique-motifs-ottomans-peints-a-la-main-75-cl/;Sougui
CCL-001-RL;Cruche en céramique circulaire avec motifs andalous jaunes et bleus;;;;;;Sougui
BCL-006-RL;Bouteille en Céramique à Motif Fleurs;20,00;Bouteille en céramique de 75 cl avec motifs ottomans peints à la main. Idéale pour l’huile d’olive, le vinaigre ou la décoration. Prix : 20 DT.;En stock;Céramiques;https://sougui.tn/product/bouteille-en-ceramique-motifs-ottomans-peints-a-la-main-75-cl/;Sougui
PSC-002-RL;Porte-serviettes en céramique décoré andalous;25,00;Mug artisanal en céramique avec sous-tasse assortie, peint à la main. Disponible en plusieurs motifs bohèmes : cœurs rouges, fleurs bleues, fleurs orange, fleurs multicolores.;;Gifts;https://sougui.tn/product/mug-boheme-en-ceramique-artisanale-avec-sous-tasse/;Sougui
VC-001-RL;Vase en céramique avec motifs de poissons colorés- Samak;35,00;Vase en céramique fait main, décoré de poissons colorés, idéal pour apporter de la vivacité à votre décoration.;Rupture;Vases;https://sougui.tn/product/vase-en-ceramique-avec-motifs-de-poissons-colores-samak/;Sougui
BC-001-RL;Boîte en céramique avec calligraphie arabe bleue;15,00;Boîte en céramique blanche avec un couvercle magnifiquement décoré de calligraphie arabe bleue, parfaite pour un usage pratique et esthétique. Diamètre : 13 cm.;Rupture;Céramiques;https://sougui.tn/product/boite-en-ceramique-avec-calligraphie-arabe-bleue/;Sougui
BC-002-RL;Boîte rectangulaire en céramique avec couvercle décoré de motifs géométriques;15,00;Apportez une touche d’élégance et de fonctionnalité à votre espace avec cette boîte en céramique au design géométrique unique.Diamètre : 12cm;Rupture;Céramiques;https://sougui.tn/product/boite-rectangulaire-en-ceramique-avec-couvercle-decore-de-motifs-geometriques/;Sougui
BC-003-RL;Boîte en céramique avec calligraphie arabe bleue 2;90,00;Apportez une ambiance culturelle et artisanale à votre décoration avec cet ensemble de vases en céramique aux motifs berbères.;;Vases;https://sougui.tn/product/ensemble-de-vases-en-ceramique-bleue-avec-motifs-berberes/;Sougui
BC-004-RL;Boîte carré en céramique avec couvercle décoré de motifs géométriques;20,00;Bouteille en céramique de 75 cl avec motifs ottomans peints à la main. Idéale pour l’huile d’olive, le vinaigre ou la décoration. Prix : 20 DT.;En stock;Céramiques;https://sougui.tn/product/bouteille-en-ceramique-motifs-ottomans-peints-a-la-main-75-cl/;Sougui
BC-005-RL;Boîte en céramique ronde OTTOMAN;15,00;Boîte en céramique de 13 cm avec couvercle décoré de motifs ottomans peints à la main. Idéale pour le rangement d’épices, bijoux ou petits objets. Prix : 15 DT.;Rupture;Céramiques;https://sougui.tn/product/boite-ronde-en-ceramique-motifs-ottomans-peints-a-la-main-13-cm/;Sougui
VC-002-RL;Ensemble de vases en céramique avec motifs berbères;90,00;Apportez une ambiance culturelle et artisanale à votre décoration avec cet ensemble de vases en céramique aux motifs berbères.;;Vases;https://sougui.tn/product/ensemble-de-vases-en-ceramique-bleue-avec-motifs-berberes/;Sougui
PML-001-LR;Petit mouton en Laine ;350,00;Un mouton à bascule unique, conçu en bois et recouvert de laine naturelle. Idéal pour la chambre d’enfant, ludique et décoratif.;;Gifts;https://sougui.tn/product/mouton-a-bascule-artisanal-bois-laine-naturelle/;Sougui
MML-001-LR;Mouton taille moyenne en laine ;50,00;Adorable mouton décoratif en laine naturelle et bois, décliné en trois tailles : petit, moyen et grand. Parfait pour égayer vos espaces.;;Déco;https://sougui.tn/product/mouton-decoratif-en-laine-disponible-en-3-tailles/;Sougui
GML-001-LR;Mouton taille Grande en laine ;50,00;Adorable mouton décoratif en laine naturelle et bois, décliné en trois tailles : petit, moyen et grand. Parfait pour égayer vos espaces.;;Déco;https://sougui.tn/product/mouton-decoratif-en-laine-disponible-en-3-tailles/;Sougui
TBC-001-RL;Trio bougies céramique rouge décoré ;90,00;Ensemble de bougeoirs en céramique rouge, décorés de motifs ethniques uniques, parfaits pour illuminer votre intérieur.;;Bougeoirs;https://sougui.tn/product/bougeoirs-ethniques-rouge-en-ceramique/;Sougui
FAV-001-OD;Set « Flûtes d’Azur » – 6 flûtes en verre soufflé craquelé;139,00;Célébrez vos plus beaux moments avec leSet « Flûtes d’Azur », un ensemble de6 flûtes en verre soufflé craqueléd’unbleu cobalt envoûtant. Entièrement fabriquées à la main, ces flûtes associentl’élégance du design artisanalà la magie du verre soufflé. Parfaites pour le champagne, les cocktails pétillants ou toute boisson raffinée.✨6 flûtes à pied en verre soufflé recyclé💎Finition craquelée unique pour un effet texturé raffiné🌊Teinte bleu azur éclatante inspirée de la Méditerranée🥂Idéal pour le cha...;;Verres;https://sougui.tn/product/auto-draft/;Sougui
CVT-001-OD;Carafe Tanit en verre craquelé;55,00;Sublimez vos moments de partage avec la carafe Tanit, soufflée à la main et disponible en transparent ou bleu. Associez-la aux verres assortis pour une touche d’authenticité et de raffinement.;;Verres;https://sougui.tn/product/carafe-tanit-elegance-en-verre-souffle/;Sougui
CVD-001-OD;Carafe Didon en verre craquelé;;;;;;Sougui
CVC-003-OD;Carafe Magon  en verre craquelé;55,00;Sublimez vos moments de partage avec la carafe Tanit, soufflée à la main et disponible en transparent ou bleu. Associez-la aux verres assortis pour une touche d’authenticité et de raffinement.;;Verres;https://sougui.tn/product/carafe-tanit-elegance-en-verre-souffle/;Sougui
VVC-001-OD;Verre en verre craquelé type 1 didon;56,00;Sublimez vos moments de partage avec la carafe Didon , soufflée à la main et disponible en transparent ou bleu. Associez-la aux verres assortis pour une touche d’authenticité et de raffinement.;;Verres;https://sougui.tn/product/carafe-en-verre-souffle-didon/;Sougui
TBT-001-SS;Jeu talla3 b tounsi ;48,00;Découvrez le jeu « Talla3  B’Tounsi », une expérience ludique qui mélange mime et devinettes. Avec ses personnages attachants, ses chansons populaires et ses jeux nostalgiques, cette activité vous transportera dans l’univers de votre enfance en vous faisant revivre des souvenirs inoubliables. Rassemblez-vous avec vos amis ou votre famille pour partager des moments de rire et de complicité autour de ce jeu captivant;;Jeux;https://sougui.tn/product/%d8%b7%d9%84%d9%91%d8%b9-%d8%a8%d8%a7%d9%84%d8%aa%d9%88%d9%86%d8%b3%d9%8a-tala3-bitounsi/;Sougui
JB-001-SS;Jeu el Bandi;46,00;لعبة الباندي بالتونسي المساندالرسميمتع سهرية …. فيكم الباندي ألي مغيبها ، و صحة ليه ألي يطيحو تنجمو تلعبوها صغار ولا كبار، مع الأصحاب ولا مع العائلة . و تو تشوفو الجو ألي بش تعملوه فيسع عدي كوموند توصلك قبل رأس العام و ما تنساش تعمل طلة على لعبنا الآخرين;;Jeux;https://sougui.tn/product/%d9%84%d8%b9%d8%a8%d8%a9-%d8%a7%d9%84%d8%a8%d8%a7%d9%86%d8%af%d9%8a-jeu-dambiance/;Sougui
JM-001-SS;Jeu Mimes;58,00;Plongez dans l’ambiance festive avec notre jeu de mime 100% tunisien ! Parfait pour animer vos soirées entre amis ou en famille, ce jeu offre des moments de rires et de complicité. Des cartes aux défis hilarants, découvrez la Tunisie à travers des mimes inoubliables. Commandez maintenant pour des soirées pleines de convivialité et de plaisir !;Rupture;Jeux;https://sougui.tn/product/jeu-de-mimes-%d9%85%d9%8a%d9%85-%d8%a8%d8%a7%d9%84%d8%aa%d9%88%d9%86%d8%b3%d9%8a-jeu-dambiance/;Sougui
JLG-001-SS;Jeu Loup Garou;28,00;Explorez le Loup-Garou à la tunisienne, une façon inédite d’égayer vos soirées ! Plongez dans l’intrigue captivante où le mystère règne en maître. Qui parmi vos convives cachera sa vraie nature de loup-garou ? Anticipez la prochaine victime avec du bagou et de la perspicacité ! Ce jeu d’ambiance unique promet des éclats de rire et des moments de divertissement inoubliables autour de la table. Prêt(e)s pour une expérience loufoque et envoûtante ?;;Jeux;https://sougui.tn/product/loup-garou-bitounsi-jeu-dambiance/;Sougui
LIV-P;Livraison Particulier;;;;;;Sougui
NBK-001-OSL;Jeu Nes Bekri Kalou;30,00;Notre jeu se base sur une communication visuelle et gestuelle.Mimer le proverbe choisi pour vos amis et laisser les deviner, rigoler, Jouer la comédie…Un jeu qui n’a pas de limite et n’a pas d’âge !Nous avons actuellement deux éditions disponibles: la version Beb Bhar et la version Beb MnaraPrix de vente de la boîte de jeu (version Beb Bhar ou la version Beb Mnara) : 30 dt;;Jeux;https://sougui.tn/product/jeu-%d9%86%d8%a7%d8%b3-%d8%a8%d9%83%d8%b1%d9%8a-%d9%82%d8%a7%d9%84%d9%88%d8%a7/;Sougui
RP-001-LIB;Rame papier multi office;;;;;;Sougui
AGM-001-LIB;Agrafeuse Maped;;;;;;Sougui
RAG-001-LIB;Recharge Agrafeuse;;;;;;Sougui
PC-001-RL;Planche céramique calligraphie bleue;90,00;Apportez une ambiance culturelle et artisanale à votre décoration avec cet ensemble de vases en céramique aux motifs berbères.;;Vases;https://sougui.tn/product/ensemble-de-vases-en-ceramique-bleue-avec-motifs-berberes/;Sougui
PC-002-RL;Planche céramique Andalous;15,00;Planche en céramique peinte à la main avec motifs andalous. Idéale pour le service ou la décoration. Un mélange parfait entre fonctionnalité et art. Prix : 15 DT.;Rupture;Céramiques;https://sougui.tn/product/planche-en-ceramique-andalous-elegance-artisanale/;Sougui
PC-003-RL;Planche céramique OTTOMAN;15,00;Planche en céramique peinte à la main avec motifs ottomans. Idéale pour le service ou comme décoration murale. Un mélange parfait entre tradition et élégance.;Rupture;Céramiques;https://sougui.tn/product/planche-en-ceramique-motifs-ottomans-peints-a-la-main/;Sougui
PC-004-RL;Planche céramique calligraphie motif formes géométriques bleu;90,00;Apportez une ambiance culturelle et artisanale à votre décoration avec cet ensemble de vases en céramique aux motifs berbères.;;Vases;https://sougui.tn/product/ensemble-de-vases-en-ceramique-bleue-avec-motifs-berberes/;Sougui
PC-005-RL;Planche céramique calligraphie noire;25,00;Mug artisanal en céramique avec sous-tasse assortie, peint à la main. Disponible en plusieurs motifs bohèmes : cœurs rouges, fleurs bleues, fleurs orange, fleurs multicolores.;;Gifts;https://sougui.tn/product/mug-boheme-en-ceramique-artisanale-avec-sous-tasse/;Sougui
JEB-001-BF;Jeu d'échecs petit modèle en bois d'olivier;80,00;Magnifique échiquier en bois d’olivier sculpté à la main, offrant un design unique et un tiroir intégré pour ranger les pièces. Disponible en petit et moyen modèle.;Rupture;Jeux;https://sougui.tn/product/echiquier-en-bois-dolivier-piece-dartisanat-elegante/;Sougui
JEB-002-BF;Jeu d'échecs grand modèle en bois d'olivier;80,00;Magnifique échiquier en bois d’olivier sculpté à la main, offrant un design unique et un tiroir intégré pour ranger les pièces. Disponible en petit et moyen modèle.;Rupture;Jeux;https://sougui.tn/product/echiquier-en-bois-dolivier-piece-dartisanat-elegante/;Sougui
E4B-001-BF;Etagére 4 boitiers bois d'olivier medina épices;90,00;Apportez une touche d’élégance artisanale à votre cuisine avec« Médina Épices », un porte-épices unique enbois d’olivier massif, sublimé par des motifs inspirés desmédinas traditionnelles, entièrement peints à la main.🔹Matériau: Bois d’olivier noble et durable🔹Motifs: Décorations peintes à la main, inspirées de l’architecture et de l’art des médinas🔹Composition: 4 pots avec couvercles et leur support mural🔹Utilisation: Idéal pour conserver et organiser vos épices tout en ajoutant une touche déco...;Rupture;Bois d'olivier;https://sougui.tn/product/porte-epices-medina-epices/;Sougui
STB-001-BF;Sous tasse céramique bois d'olivier;90,00;Sublimez vos pauses café et thé avec lessous-tasses « Mosaïque d’Olive », un mariage parfait entre lebois d’olivier nobleet lacéramique décorativeaux motifs inspirés de l’art andalous.🔹Matériau: Bois d’olivier massif & carreaux de céramique peints à la main🔹Dimensions: Idéales pour tasses, mugs et verres🔹Design: Motifs traditionnels bleus sur céramique, sublimés par les veinures uniques du bois🔹Utilisation: Protège votre table tout en ajoutant une touche d’élégance à votre service🔹Fabrication: 1...;;Bois d'olivier;https://sougui.tn/product/sous-tasses-mosaique-dolive/;Sougui
PCB-001-BF;Plateau en céramique bois d'olivier mosaique d'olive 30*20;80,00;Découvrez« Mosaïque d’Olive », un plateau artisanal en bois d’olivier (23×33 cm) sublimé par des carreaux de céramique aux motifs andalous. Élégant, authentique et idéal pour le service ou la décoration.;;Bois d'olivier;https://sougui.tn/product/plateau-mosaique-ceramique-bois-dolivier/;Sougui
PCB-002-BF;Plateau en céramique bois d'olivier mosaique d'olive 30*10;80,00;Découvrez« Mosaïque d’Olive », un plateau artisanal en bois d’olivier (23×33 cm) sublimé par des carreaux de céramique aux motifs andalous. Élégant, authentique et idéal pour le service ou la décoration.;;Bois d'olivier;https://sougui.tn/product/plateau-mosaique-ceramique-bois-dolivier/;Sougui
PCB-003-BF;Plateau en céramique bois d'olivier mosaique d'olive 20*10;80,00;Découvrez« Mosaïque d’Olive », un plateau artisanal en bois d’olivier (23×33 cm) sublimé par des carreaux de céramique aux motifs andalous. Élégant, authentique et idéal pour le service ou la décoration.;;Bois d'olivier;https://sougui.tn/product/plateau-mosaique-ceramique-bois-dolivier/;Sougui
PCB-004-BF;Plateau en céramique bois d'olivier mosaique d'olive 20*20;80,00;Découvrez« Mosaïque d’Olive », un plateau artisanal en bois d’olivier (23×33 cm) sublimé par des carreaux de céramique aux motifs andalous. Élégant, authentique et idéal pour le service ou la décoration.;;Bois d'olivier;https://sougui.tn/product/plateau-mosaique-ceramique-bois-dolivier/;Sougui
VVC-002-OD;Verre en verre craquelé type 2 Chope;90,00;Seau à glace enverre soufflé artisanalavec effet craquelé unique. Élégant et pratique pour rafraîchir vos bouteilles et soirées.;;Verres;https://sougui.tn/product/seau-a-glace-artisanal-en-verre-souffle-craquele/;Sougui
VVC-003-OD;Verre en verre craquelé type 3 flute avec base;90,00;Seau à glace enverre soufflé artisanalavec effet craquelé unique. Élégant et pratique pour rafraîchir vos bouteilles et soirées.;;Verres;https://sougui.tn/product/seau-a-glace-artisanal-en-verre-souffle-craquele/;Sougui
VVC-004-OD;Verre en verre craquelé type 4 a pied tp12b;190,00;Sublimez vos moments de dégustation avec leSet « Éclats d’Azur », un ensemble de6 verres en verre soufflé craqueléd’unbleu profond et envoûtant. Entièrement fabriqué à la main, chaque verre raconte une histoire desavoir-faire artisanal et d’élégance intemporelle.✨6 verres en verre soufflé recyclé💎Finition craquelée unique pour un effet texturé raffiné🌊Teinte bleu cobalt éclatante inspirée de la Méditerranée🍷Idéal pour le vin, les cocktails ou les boissons fraîches;;Verres;https://sougui.tn/product/set-eclats-dazur-6-verres-a-pied-en-verre-souffle-craquele/;Sougui
VVC-005-OD;Verre en verre craquelé type 5 a pied tige long;190,00;Sublimez vos moments de dégustation avec leSet « Éclats d’Azur », un ensemble de6 verres en verre soufflé craqueléd’unbleu profond et envoûtant. Entièrement fabriqué à la main, chaque verre raconte une histoire desavoir-faire artisanal et d’élégance intemporelle.✨6 verres en verre soufflé recyclé💎Finition craquelée unique pour un effet texturé raffiné🌊Teinte bleu cobalt éclatante inspirée de la Méditerranée🍷Idéal pour le vin, les cocktails ou les boissons fraîches;;Verres;https://sougui.tn/product/set-eclats-dazur-6-verres-a-pied-en-verre-souffle-craquele/;Sougui
VVC-001-SMC;Verre à vin en cuivre;50,00;Bonbonnières raffinées en verre soufflé fait main avec couvercle en cuivre martelé. Disponibles en trois teintes : Transparent, Miel et Ébène.Prix promo : 50 DT au lieu de 75 DT.;;Verres;https://sougui.tn/product/bonbonnieres-en-verre-souffle-cuivre-martele/;Sougui
AS-001-MF;Abonnement annuel salle de sport;;;;;;Sougui
PCC-001-KER;Pack  saint valentin cœur à coeur : planche + tasse;25,00;Ensemble artisanal composé d’unmug et d’un plateau assortien céramique, décorés de petitscœurs rouges peints à la main. Parfait pour un moment gourmand et romantique.;Rupture;Esprit Romance;https://sougui.tn/product/set-coeur-a-coeur-mug-et-plateau-en-ceramique/;Sougui
PMC-001-KER;Pack saint valentin Mots du coeur : 2 tasses + 2 st + plateau);50,00;Ensemble artisanal en céramique composé de2 mugs avec sous-tasses et un plateau assorti, décoré de petits cœurs rouges et d’une inscription en arabe. Idéal pour partager des moments chaleureux.;Rupture;Esprit Romance;https://sougui.tn/product/set-mots-du-coeur/;Sougui
ED-001-RES;Ensemble décoratif en résine gris;90,00;Apportez une ambiance culturelle et artisanale à votre décoration avec cet ensemble de vases en céramique aux motifs berbères.;;Vases;https://sougui.tn/product/ensemble-de-vases-en-ceramique-bleue-avec-motifs-berberes/;Sougui
ED-002-RES;Ensemble décoratif en résine Beige;90,00;Apportez une ambiance culturelle et artisanale à votre décoration avec cet ensemble de vases en céramique aux motifs berbères.;;Vases;https://sougui.tn/product/ensemble-de-vases-en-ceramique-bleue-avec-motifs-berberes/;Sougui
ED-003-RES;Ensemble décoratif en résine Gris + doré;90,00;Apportez une ambiance culturelle et artisanale à votre décoration avec cet ensemble de vases en céramique aux motifs berbères.;;Vases;https://sougui.tn/product/ensemble-de-vases-en-ceramique-bleue-avec-motifs-berberes/;Sougui
ED-004-RES;Ensemble décoratif en résine gris marbré;90,00;Apportez une ambiance culturelle et artisanale à votre décoration avec cet ensemble de vases en céramique aux motifs berbères.;;Vases;https://sougui.tn/product/ensemble-de-vases-en-ceramique-bleue-avec-motifs-berberes/;Sougui
ED-005-RES;Ensemble décoratif grand modèle;90,00;Apportez une ambiance culturelle et artisanale à votre décoration avec cet ensemble de vases en céramique aux motifs berbères.;;Vases;https://sougui.tn/product/ensemble-de-vases-en-ceramique-bleue-avec-motifs-berberes/;Sougui
VV-001-RES;Grand Vase visage en résine;90,00;Apportez une ambiance culturelle et artisanale à votre décoration avec cet ensemble de vases en céramique aux motifs berbères.;;Vases;https://sougui.tn/product/ensemble-de-vases-en-ceramique-bleue-avec-motifs-berberes/;Sougui
DV-001-RES;Duo Vase Noir;90,00;Apportez une ambiance culturelle et artisanale à votre décoration avec cet ensemble de vases en céramique aux motifs berbères.;;Vases;https://sougui.tn/product/ensemble-de-vases-en-ceramique-bleue-avec-motifs-berberes/;Sougui
DV-002-RES;Duo Vase Beige;90,00;Apportez une ambiance culturelle et artisanale à votre décoration avec cet ensemble de vases en céramique aux motifs berbères.;;Vases;https://sougui.tn/product/ensemble-de-vases-en-ceramique-bleue-avec-motifs-berberes/;Sougui
VB-001-RES;Vase Beige en U;90,00;Apportez une ambiance culturelle et artisanale à votre décoration avec cet ensemble de vases en céramique aux motifs berbères.;;Vases;https://sougui.tn/product/ensemble-de-vases-en-ceramique-bleue-avec-motifs-berberes/;Sougui
VB-002-RES;Vase Beige triangle;90,00;Apportez une ambiance culturelle et artisanale à votre décoration avec cet ensemble de vases en céramique aux motifs berbères.;;Vases;https://sougui.tn/product/ensemble-de-vases-en-ceramique-bleue-avec-motifs-berberes/;Sougui
Salaire Mensuel;Salaire Mensuel ;;;;;;Sougui
CFV-001-MHN;Grande Corbeille en fibre végétale;90,00;Couffin en fibre végétale tressée à la main avec anses en cuir.Une fouta traditionnelle est offerteavec chaque pièce.;;Gifts;https://sougui.tn/product/couffin-artisanal-en-fibre-vegetale-anses-cuir-fouta-offerte/;Sougui
CFV-002-MHN;Peti corbeille en fibre végétale;90,00;Couffin en fibre végétale tressée à la main avec anses en cuir.Une fouta traditionnelle est offerteavec chaque pièce.;;Gifts;https://sougui.tn/product/couffin-artisanal-en-fibre-vegetale-anses-cuir-fouta-offerte/;Sougui
VL-001-MHN;Veilleuse de lit en fibre végétale;150,00;Veilleuse en forme de citrouille, fabriquée en fibres végétales et fer. Dimensions : diamètre 13 cm, hauteur 20 cm. Poids : 1,300 kg.;;Luminaires;https://sougui.tn/product/veilleuse-citrouille-en-fibres-vegetales-et-fer/;Sougui
LMH-HA;Location maison d'hotes;;;;;;Sougui
Shooting;Shooting produits;;;;;;Sougui
SPR-001-RL;Sous plat rond Calligraphie bleue;20,00;Dessous de plat rond en céramique blanche, décoré à la main de motifs géométriques andalous en bleu et turquoise. Élégant, pratique et 100 % artisanal.;En stock;Céramiques;https://sougui.tn/product/sous-plat-rosace-azur-ceramique-decorative-orientale/;Sougui
SPR-002-RL;Sous plat rond Calligraphie Noire;20,00;Dessous de plat rond en céramique blanche, décoré à la main de motifs géométriques andalous en bleu et turquoise. Élégant, pratique et 100 % artisanal.;En stock;Céramiques;https://sougui.tn/product/sous-plat-rosace-azur-ceramique-decorative-orientale/;Sougui
SPR-003-RL;Sous plat rond Andalous;20,00;Sous-plat rond en céramique de 20 cm avec motifs andalous. Utilisable comme support de plat chaud ou décoration murale. Peint à la main. Prix : 15 DT.;Rupture;Céramiques;https://sougui.tn/product/sous-plat-rond-en-ceramique-andalous-20-cm/;Sougui
SPR-004-RL;Sous plat rond Formes géométriques;20,00;Dessous de plat rond en céramique blanche, décoré à la main de motifs géométriques andalous en bleu et turquoise. Élégant, pratique et 100 % artisanal.;En stock;Céramiques;https://sougui.tn/product/sous-plat-rosace-azur-ceramique-decorative-orientale/;Sougui
SPR-005-RL;Sous plat rond fleurs colorés;15,00;Sous-plat rond en céramique de 20 cm avec motifs ottomans peints à la main. Polyvalent, il peut être utilisé comme protection pour plats chauds ou comme décoration murale.;Rupture;Céramiques;https://sougui.tn/product/sous-plat-en-ceramique-motifs-ottomans-peints-a-la-main-20-cm/;Sougui
BA;Bon d'achat de 100dt;20,00;Tote bag entoile canvas de coton épaisse, illustré avec des motifs inspirés de la culture tunisienne. Résistant, élégant et réutilisable — l’allié parfait du quotidien.;;Couffins & Foutas;https://sougui.tn/product/tote-bag-sougui/;Sougui
PDE-001-KER;Pack  saint valentin duo envoutant : planche + tasse;30,00;Ensemble artisanal composé d’unmug et d’un plateau en céramique, décoré de cœurs rouges peints à la main. Un duo parfait pour savourer vos instants café et gourmandises.;;Esprit Romance;https://sougui.tn/product/set-duo-envoutant-mug-et-plateau-en-ceramique/;Sougui
BPB-001-FP;Bougie Piccolo en béton;84,00;Éclairez votre intérieur avec cette lampe en béton au design minimaliste. Une création artisanale alliant modernité et robustesse pour une ambiance chaleureuse.;;Luminaires;https://sougui.tn/product/lampe-en-beton-brut-lelegance-de-la-lumiere-artisanale/;Sougui
LB-001-FP;Lampe en béton brut forme G;84,00;Éclairez votre intérieur avec cette lampe en béton au design minimaliste. Une création artisanale alliant modernité et robustesse pour une ambiance chaleureuse.;;Luminaires;https://sougui.tn/product/lampe-en-beton-brut-lelegance-de-la-lumiere-artisanale/;Sougui
SMB-001-FP;Série Moai en béton;130,00;Ajoutez une touche d’histoire et de mystère à votre décoration avec ces sculptures Moaï en béton. Un travail artisanal inspiré des légendaires statues de l’Île de Pâques.;;Sculptures;https://sougui.tn/product/sculptures-moai-en-beton-lart-mystique-de-lile-de-paques/;Sougui
BB-001-FP;Boudha en béton noir;184,00;Leset « Séli »est conçu pour les amateurs devaisselle élégante et durable. Fabriqué engrès noir texturé, il alliesolidité, modernité et artisanat haut de gamme.;;Service de Table;https://sougui.tn/product/set-complet-seli-en-gres-noir-31-pieces-elegantes-et-authentiques/;Sougui
BB-002-FP;Boudha en béton doré;84,00;Éclairez votre intérieur avec cette lampe en béton au design minimaliste. Une création artisanale alliant modernité et robustesse pour une ambiance chaleureuse.;;Luminaires;https://sougui.tn/product/lampe-en-beton-brut-lelegance-de-la-lumiere-artisanale/;Sougui
TB-001-FP;Tortue Noir en béton;184,00;Leset « Séli »est conçu pour les amateurs devaisselle élégante et durable. Fabriqué engrès noir texturé, il alliesolidité, modernité et artisanat haut de gamme.;;Service de Table;https://sougui.tn/product/set-complet-seli-en-gres-noir-31-pieces-elegantes-et-authentiques/;Sougui
TB-002-FP;Tortue doré en beton;;;;;;Sougui
Transport;Transport marchnadise Sfax tunis ( béton);25,00;Vide-poches artisanal enbois d’olivier, peint à la main avec des motifs de portes tunisiennes. Disponible en plusieurs formes et couleurs.;;Déco;https://sougui.tn/product/vide-poches-decoratif-en-bois-dolivier-peint-a-la-main-motifs-portes-tunisiennes/;Sougui
Papier A3 350 G;Papier A3 350 G;;;;;;Sougui
P-00002;Remplissage 7 ( cire );40,00;Photophores en cire parfumée inspirés de l’architecture bleue et blanche de Sidi Bou Saïd. Disponibles en 3 formats ou en set de 3.;;Luminaires;https://sougui.tn/product/collection-sidi-bou-photophores-artisanaux-en-cire-parfumee/;Sougui
PAC-001-RL;Pack Andalous en Céramique – Élégance et Tradition;92,00;Ensemble artisanal en céramique aux motifs andalous, comprenant une cruche, deux bouteilles, une boîte, une planche et un sous-plat. Profitez de l’offre spéciale à92 DT au lieu de 105 DT!;Rupture;Céramiques;https://sougui.tn/product/pack-andalous-en-ceramique-elegance-et-tradition/;Sougui
SCA-001-RL;Set Calligraphie Arabe – Cruche, Sous-Plat & Planche en Céramique;50,00;Ensemble artisanal en céramique avec motifs de calligraphie arabe. Composé d’une cruche circulaire, d’un sous-plat et d’une planche. Élégance et authenticité pour50 DTseulement !;Rupture;Céramiques;https://sougui.tn/product/set-calligraphie-arabe-cruche-sous-plat-planche-en-ceramique/;Sougui
POC-001-RL;Pack Ottoman en Céramique – Élégance et Artisanat;92,00;Ensemble artisanal en céramique aux motifs ottomans, comprenant une bouteille, une planche, un sous-plat, une boîte ronde (13 cm) et deux boîtes rectangulaires (10 cm et 15 cm). Un pack raffiné pour une décoration élégante et fonctionnelle.;Rupture;Céramiques;https://sougui.tn/product/pack-ottoman-en-ceramique-elegance-et-artisanat/;Sougui
SRO-001-RL;Set Royal ottomans – Élégance Artisanale (8 Pièces);120,00;Ensemble prestigieux en céramique aux motifs ottomans, comprenant3 bouteilles, 2 boîtes rectangulaires, 1 boîte ronde, 1 planche et 1 sous-plat. Un pack complet alliant art et fonctionnalité.;Rupture;Céramiques;https://sougui.tn/product/set-royal-ottomans-elegance-artisanale-8-pieces/;Sougui
SCC-001-KB;Service à Café Oriental en Métal Martelé avec Plateau;34,00;Service à café élégant comprenant une cafetière en cuivre, 4 tasses avec supports, un plateau martelé et un sucrier assorti. Idéal pour une expérience orientale raffinée.;Rupture;Cuivres;https://sougui.tn/product/service-a-cafe-oriental-en-metal-martele-avec-plateau/;Sougui
STC-001-KB;Service à Thé Martelé avec Plateau – Théière et Verres;16,50;Service à thé complet avec une théière en métal martelé, deux verres assortis et un plateau élégant. Parfait pour une présentation raffinée.;Rupture;Cuivres;https://sougui.tn/product/service-a-the-martele-avec-plateau-theiere-et-verres/;Sougui
JAV-001-SS;Action Vérité Bitounsi – Jeu D’ambiance;45,00;Plongez dans l’ambiance animée des soirées avec le jeu Action/Vérité, une version tunisienne qui ne manquera pas de pimenter vos rassemblements ! Avec un contenu comprenant 108 cartes au total – 54 cartes « Action » et 54 cartes « Vérité », toutes rédigées en tunisien avec l’humour propre à la TunisieImpressionne tes amis avec des récits incroyables et relève des défis hors du commun pour une expérience encore plus amusante ! Action & Vérité version tunisienne promet des moments pleins d’action ...;;Jeux;https://sougui.tn/product/action-verite-bitounsi-jeu-dambiance/;Sougui
JAV-002-SS;Action Vérité Bitounsi + 108 Extra Cartes – Jeu D’ambiance;65,00;Explorez une avalanche d’action et de vérité à la tunisienne avec notre jeu d’ambiance ultime ! Doté de 108 cartes Action/Vérité originales, ainsi que de 108 cartes supplémentaires pour encore plus de surprises, ce jeu promet des soirées mémorables entre amis. Plongez dans l’humour et la convivialité tunisiens avec cette version étendue d’Action/Vérité !;;Jeux;https://sougui.tn/product/action-verite-bitounsi-108-extra-cartes-jeu-dambiance/;Sougui
MFB-001-BF;Magnet Fridge en bois d'olivier;25,00;Vide-poches artisanal enbois d’olivier, peint à la main avec des motifs de portes tunisiennes. Disponible en plusieurs formes et couleurs.;;Déco;https://sougui.tn/product/vide-poches-decoratif-en-bois-dolivier-peint-a-la-main-motifs-portes-tunisiennes/;Sougui
POB-001-BF;Porte clé Chachia en bois d'olivier;25,00;Vide-poches artisanal enbois d’olivier, peint à la main avec des motifs de portes tunisiennes. Disponible en plusieurs formes et couleurs.;;Déco;https://sougui.tn/product/vide-poches-decoratif-en-bois-dolivier-peint-a-la-main-motifs-portes-tunisiennes/;Sougui
 TSC-ART-001;Magnet Fridge en bois d'olivierCollection Émotion – Tasses & Soucoupes Artisanales;30,00;Tasse artisanale en céramique avec soucoupe assortie. Plusieurs motifs peints à la main disponibles : Œil Bleu, Fleurs Bleues, Fleurs Roses, Love.;;Esprit Romance;https://sougui.tn/product/collection-emotion-tasses-soucoupes-artisanales/;Sougui
SDB-PPH;Collection Sidi Bou – Photophores artisanaux en cire parfumée;40,00;Photophores en cire parfumée inspirés de l’architecture bleue et blanche de Sidi Bou Saïd. Disponibles en 3 formats ou en set de 3.;;Luminaires;https://sougui.tn/product/collection-sidi-bou-photophores-artisanaux-en-cire-parfumee/;Sougui
BVC-002-SO;Bonbonnières en verre soufflé & cuivre martelé;50,00;Bonbonnières raffinées en verre soufflé fait main avec couvercle en cuivre martelé. Disponibles en trois teintes : Transparent, Miel et Ébène.Prix promo : 50 DT au lieu de 75 DT.;;Verres;https://sougui.tn/product/bonbonnieres-en-verre-souffle-cuivre-martele/;Sougui
MUG-BOH;Mug Bohème en céramique artisanale – Avec sous-tasse;25,00;Mug artisanal en céramique avec sous-tasse assortie, peint à la main. Disponible en plusieurs motifs bohèmes : cœurs rouges, fleurs bleues, fleurs orange, fleurs multicolores.;;Gifts;https://sougui.tn/product/mug-boheme-en-ceramique-artisanale-avec-sous-tasse/;Sougui
COU-CUIR-FOUTA-002;Couffin artisanal en fibre végétale – Anses cuir & fouta offerte;;;;;;Sougui
SCO-ELY;Couffin artisanal en fibre végétale – Elyssa;119,00;Couffin artisanal en fibre végétale avec plusieurs modèles de poignées : bois, bambou ou cuir décoré. Pièce unique, élégante et pratique.;;Gifts;https://sougui.tn/product/couffin-artisanal-en-fibre-vegetale-elyssa/;Sougui
FOT-COT;Fouta artisanale en coton – 2m x 1m – Couleurs au choix;20,00;Fouta artisanale tissée en100% coton, dimensions2m x 1m. Légère, absorbante et disponible en plusieurs couleurs.;;Couffins & Foutas;https://sougui.tn/product/fouta-artisanale-en-coton-2m-x-1m-couleurs-au-choix/;Sougui
