source;product_id;product_name;price;currency;categories;product_url;image_url;scrape_date,,,,
Kalys;;Sélection de verres Lella craquelé Bleu foncé;99.000TND;TND;art-de-la-table, verres-gobelets-et-carafes;https://www.kalys-designstore.com/produit/selection-de-verres-lella-craquele-bleu-fonce/;data:image/svg+xml,%3Csvg%20xmlns%3D'http%3A%2F%2Fwww.w3.org%2F2000%2Fsvg'%20viewBox%3D'0%200%201024%201024'%2F%3E;03:38.2,,
Kalys;;Pack Vera Craquelé;211.000TND;TND;art-de-la-table, verres-gobelets-et-carafes;https://www.kalys-designstore.com/produit/pack-vera-craquele/;data:image/svg+xml,%3Csvg%20xmlns%3D'http%3A%2F%2Fwww.w3.org%2F2000%2Fsvg'%20viewBox%3D'0%200%201024%201024'%2F%3E;03:38.0,,
Kalys;;Pack Lella Marbré Miel;220.000TND;TND;art-de-la-table, verres-gobelets-et-carafes;https://www.kalys-designstore.com/produit/pack-lella-marbre-miel/;data:image/svg+xml,%3Csvg%20xmlns%3D'http%3A%2F%2Fwww.w3.org%2F2000%2Fsvg'%20viewBox%3D'0%200%201123%201123'%2F%3E;03:38.2,,
Kalys;;Diffuseur Nour;55.000TND;TND;bougies-et-senteurs, la-touche-deco;https://www.kalys-designstore.com/produit/diffuseur-noor/;data:image/svg+xml,%3Csvg%20xmlns%3D'http%3A%2F%2Fwww.w3.org%2F2000%2Fsvg'%20viewBox%3D'0%200%20753%20753'%2F%3E;03:38.2,,
Kalys;;Coffret ROMA Prestige;220.000TND;TND;coffrets-cadeaux, prestige;https://www.kalys-designstore.com/produit/coffret-roma-prestige/;data:image/svg+xml,%3Csvg%20xmlns%3D'http%3A%2F%2Fwww.w3.org%2F2000%2Fsvg'%20viewBox%3D'0%200%20876%20876'%2F%3E;03:38.2,,
Kalys;;Coffret ROMA;90.000TND;TND;coffrets-cadeaux, premium;https://www.kalys-designstore.com/produit/coffret-roma/;data:image/svg+xml,%3Csvg%20xmlns%3D'http%3A%2F%2Fwww.w3.org%2F2000%2Fsvg'%20viewBox%3D'0%200%201500%201500'%2F%3E;03:38.2,,
Kalys;;Diffuseur Roma;35.000TND;TND;bougies-et-senteurs, la-touche-deco;https://www.kalys-designstore.com/produit/diffuseur-roma-2/;data:image/svg+xml,%3Csvg%20xmlns%3D'http%3A%2F%2Fwww.w3.org%2F2000%2Fsvg'%20viewBox%3D'0%200%201236%201236'%2F%3E;03:38.2,,
Kalys;;Pack Roma;47.000TND;TND;coffrets-cadeaux, les-essentiels-coffrets-cadeaux;https://www.kalys-designstore.com/produit/diffuseur-roma/;data:image/svg+xml,%3Csvg%20xmlns%3D'http%3A%2F%2Fwww.w3.org%2F2000%2Fsvg'%20viewBox%3D'0%200%201236%201236'%2F%3E;03:38.2,,
Kalys;;Duo Lella Marbré;140.000TND;TND;coffrets-cadeaux, prestige;https://www.kalys-designstore.com/produit/duo-lella-marbre/;data:image/svg+xml,%3Csvg%20xmlns%3D'http%3A%2F%2Fwww.w3.org%2F2000%2Fsvg'%20viewBox%3D'0%200%201500%201500'%2F%3E;03:38.2,,
Kalys;;Duo Vera;137.000TND;TND;coffrets-cadeaux, prestige;https://www.kalys-designstore.com/produit/duo-vera/;data:image/svg+xml,%3Csvg%20xmlns%3D'http%3A%2F%2Fwww.w3.org%2F2000%2Fsvg'%20viewBox%3D'0%200%201500%201500'%2F%3E;03:38.2,,
Kalys;;Coffret KARA Prestige;190.000TND;TND;coffrets-cadeaux, prestige;https://www.kalys-designstore.com/produit/coffret-kara-prestige/;data:image/svg+xml,%3Csvg%20xmlns%3D'http%3A%2F%2Fwww.w3.org%2F2000%2Fsvg'%20viewBox%3D'0%200%202048%202048'%2F%3E;03:38.2,,
Kalys;;Le coffret Zouhour Prestige;153.000TND;TND;coffrets-cadeaux, prestige;https://www.kalys-designstore.com/produit/le-coffret-zouhour-prestige/;data:image/svg+xml,%3Csvg%20xmlns%3D'http%3A%2F%2Fwww.w3.org%2F2000%2Fsvg'%20viewBox%3D'0%200%201500%201500'%2F%3E;03:38.2,,
Kalys;;Coffret Héritage;127.000TND;TND;coffrets-cadeaux, prestige;https://www.kalys-designstore.com/produit/coffret-heritage/;data:image/svg+xml,%3Csvg%20xmlns%3D'http%3A%2F%2Fwww.w3.org%2F2000%2Fsvg'%20viewBox%3D'0%200%201024%201024'%2F%3E;03:41.6,,
Kalys;;Le coffret Mirath;130.000TND;TND;coffrets-cadeaux, prestige;https://www.kalys-designstore.com/produit/le-coffret-mirath/;data:image/svg+xml,%3Csvg%20xmlns%3D'http%3A%2F%2Fwww.w3.org%2F2000%2Fsvg'%20viewBox%3D'0%200%202560%202560'%2F%3E;03:41.7,,
Kalys;;Coffret Amwej Bleu GF;109.000TND;TND;coffrets-cadeaux, prestige;https://www.kalys-designstore.com/produit/coffret-amwej-bleu-gf/;data:image/svg+xml,%3Csvg%20xmlns%3D'http%3A%2F%2Fwww.w3.org%2F2000%2Fsvg'%20viewBox%3D'0%200%201500%201500'%2F%3E;03:41.7,,
Kalys;;Coffret bougeoir Morgène;74.000TND;TND;bougies-et-senteurs, coffrets-cadeaux, la-touche-deco, premium;https://www.kalys-designstore.com/produit/coffret-bougeoir-morgene/;data:image/svg+xml,%3Csvg%20xmlns%3D'http%3A%2F%2Fwww.w3.org%2F2000%2Fsvg'%20viewBox%3D'0%200%202560%202560'%2F%3E;03:41.7
Kalys;;Coffret Premium Noja;99.500TND;TND;coffrets-cadeaux, premium;https://www.kalys-designstore.com/produit/coffret-premium-noja/;data:image/svg+xml,%3Csvg%20xmlns%3D'http%3A%2F%2Fwww.w3.org%2F2000%2Fsvg'%20viewBox%3D'0%200%201954%201954'%2F%3E;03:41.7,,
Kalys;;Coffret Bloom Desk;60.000TND;TND;coffrets-cadeaux, premium;https://www.kalys-designstore.com/produit/coffret-bloom-desk/;data:image/svg+xml,%3Csvg%20xmlns%3D'http%3A%2F%2Fwww.w3.org%2F2000%2Fsvg'%20viewBox%3D'0%200%201406%201406'%2F%3E;03:41.7,,
Kalys;;Coffret Tulipe;63.000TND;TND;coffrets-cadeaux, premium;https://www.kalys-designstore.com/produit/coffret-tulipe/;data:image/svg+xml,%3Csvg%20xmlns%3D'http%3A%2F%2Fwww.w3.org%2F2000%2Fsvg'%20viewBox%3D'0%200%202560%202560'%2F%3E;03:41.7,,
Kalys;;Coffret Premium Senteur;80.500TND;TND;coffrets-cadeaux, premium;https://www.kalys-designstore.com/produit/coffret-premium-senteur/;data:image/svg+xml,%3Csvg%20xmlns%3D'http%3A%2F%2Fwww.w3.org%2F2000%2Fsvg'%20viewBox%3D'0%200%201208%201208'%2F%3E;03:41.7,,
Kalys;;Coffret Zen Attitude;100.000TND;TND;coffrets-cadeaux, premium;https://www.kalys-designstore.com/produit/coffret-zen-attitude/;data:image/svg+xml,%3Csvg%20xmlns%3D'http%3A%2F%2Fwww.w3.org%2F2000%2Fsvg'%20viewBox%3D'0%200%201260%201260'%2F%3E;03:41.7,,
Kalys;;Boite Amwej PF;49.000TND;TND;les-rangements, rangements;https://www.kalys-designstore.com/produit/coffret-boite-amwej-pf/;data:image/svg+xml,%3Csvg%20xmlns%3D'http%3A%2F%2Fwww.w3.org%2F2000%2Fsvg'%20viewBox%3D'0%200%201080%201080'%2F%3E;03:41.7,,
Kalys;;Coffret Fleur;32.000TND;TND;coffrets-cadeaux, les-essentiels-coffrets-cadeaux;https://www.kalys-designstore.com/produit/coffret-fleur/;data:image/svg+xml,%3Csvg%20xmlns%3D'http%3A%2F%2Fwww.w3.org%2F2000%2Fsvg'%20viewBox%3D'0%200%201135%201135'%2F%3E;03:41.7,,
Kalys;;Coffret Cube Parfumé;42.000TND;TND;coffrets-cadeaux, les-essentiels-coffrets-cadeaux;https://www.kalys-designstore.com/produit/coffret-cube-parfume/;data:image/svg+xml,%3Csvg%20xmlns%3D'http%3A%2F%2Fwww.w3.org%2F2000%2Fsvg'%20viewBox%3D'0%200%201135%201135'%2F%3E;03:41.7,,
Kalys;;Coffret Zen;52.000TND;TND;coffrets-cadeaux, les-essentiels-coffrets-cadeaux;https://www.kalys-designstore.com/produit/coffret-zen/;data:image/svg+xml,%3Csvg%20xmlns%3D'http%3A%2F%2Fwww.w3.org%2F2000%2Fsvg'%20viewBox%3D'0%200%202560%202560'%2F%3E;03:45.2,,
Kalys;;Le coffret Zouhour;57.000TND;TND;coffrets-cadeaux, les-essentiels-coffrets-cadeaux;https://www.kalys-designstore.com/produit/le-coffret-zouhour/;data:image/svg+xml,%3Csvg%20xmlns%3D'http%3A%2F%2Fwww.w3.org%2F2000%2Fsvg'%20viewBox%3D'0%200%202524%202524'%2F%3E;03:45.2,,
Kalys;;Coffret set Chourouk;49.000TND;TND;coffrets-cadeaux, les-essentiels-coffrets-cadeaux;https://www.kalys-designstore.com/produit/coffret-set-chourouk/;data:image/svg+xml,%3Csvg%20xmlns%3D'http%3A%2F%2Fwww.w3.org%2F2000%2Fsvg'%20viewBox%3D'0%200%201744%201744'%2F%3E;03:45.2,,
Kalys;;La boite Amwej Bleu GF;89.000TND;TND;les-rangements, rangements;https://www.kalys-designstore.com/produit/la-boite-amwej-bleu-gf/;data:image/svg+xml,%3Csvg%20xmlns%3D'http%3A%2F%2Fwww.w3.org%2F2000%2Fsvg'%20viewBox%3D'0%200%202560%202560'%2F%3E;03:45.2,,
Kalys;;Le Coffret Gratitude Vert pastel;85.000TND;TND;coffrets-cadeaux, nouveautes, premium;https://www.kalys-designstore.com/produit/le-coffret-gratitude-vert-pastel/;data:image/svg+xml,%3Csvg%20xmlns%3D'http%3A%2F%2Fwww.w3.org%2F2000%2Fsvg'%20viewBox%3D'0%200%201080%201080'%2F%3E;03:45.2,
Kalys;;Le Coffret Gratitude Beige;85.000TND;TND;coffrets-cadeaux, nouveautes, premium;https://www.kalys-designstore.com/produit/le-coffret-gratitude-beige/;data:image/svg+xml,%3Csvg%20xmlns%3D'http%3A%2F%2Fwww.w3.org%2F2000%2Fsvg'%20viewBox%3D'0%200%201080%201080'%2F%3E;03:45.2,
Kalys;;Le mini couffin AMAL Vert;180.000TND;TND;nouveautes, rangements;https://www.kalys-designstore.com/produit/le-mini-couffin-amal-vert/;data:image/svg+xml,%3Csvg%20xmlns%3D'http%3A%2F%2Fwww.w3.org%2F2000%2Fsvg'%20viewBox%3D'0%200%202560%202560'%2F%3E;03:45.2,,
Kalys;;Le mini couffin AMAL Gold;180.000TND;TND;nouveautes, rangements;https://www.kalys-designstore.com/produit/le-mini-couffin-amal-gold/;data:image/svg+xml,%3Csvg%20xmlns%3D'http%3A%2F%2Fwww.w3.org%2F2000%2Fsvg'%20viewBox%3D'0%200%202560%202560'%2F%3E;03:45.2,,
Kalys;;Le mini couffin AMAL Lilas;180.000TND;TND;nouveautes, rangements;https://www.kalys-designstore.com/produit/le-mini-couffin-amal-lilas/;data:image/svg+xml,%3Csvg%20xmlns%3D'http%3A%2F%2Fwww.w3.org%2F2000%2Fsvg'%20viewBox%3D'0%200%201626%201626'%2F%3E;03:45.2,,
Kalys;;Le Coffret Chourouk Rose;75.000TND;TND;coffrets-cadeaux, nouveautes, premium;https://www.kalys-designstore.com/produit/le-coffret-chourouk-rose/;data:image/svg+xml,%3Csvg%20xmlns%3D'http%3A%2F%2Fwww.w3.org%2F2000%2Fsvg'%20viewBox%3D'0%200%202241%202241'%2F%3E;03:45.2,
Kalys;;Le Coffret Chourouk Vert Pastel;75.000TND;TND;coffrets-cadeaux, nouveautes, premium;https://www.kalys-designstore.com/produit/le-coffret-chourouk-vert-pastel/;data:image/svg+xml,%3Csvg%20xmlns%3D'http%3A%2F%2Fwww.w3.org%2F2000%2Fsvg'%20viewBox%3D'0%200%202241%202241'%2F%3E;03:45.2,
Kalys;;Le Coffret Chourouk Terracotta;75.000TND;TND;coffrets-cadeaux, nouveautes, premium;https://www.kalys-designstore.com/produit/le-coffret-chourouk-terracotta/;data:image/svg+xml,%3Csvg%20xmlns%3D'http%3A%2F%2Fwww.w3.org%2F2000%2Fsvg'%20viewBox%3D'0%200%202241%202241'%2F%3E;03:45.2,
Kalys;;Sélection de verres Lella craquelé Transparent;99.000TND;TND;art-de-la-table, verres-gobelets-et-carafes;https://www.kalys-designstore.com/produit/selection-luna-craquele-transparent/;data:image/svg+xml,%3Csvg%20xmlns%3D'http%3A%2F%2Fwww.w3.org%2F2000%2Fsvg'%20viewBox%3D'0%200%201000%201000'%2F%3E;03:48.6,,
Kalys;;Pack LELLA Craquelé Turquoise;164.000TND;TND;art-de-la-table, verres-gobelets-et-carafes;https://www.kalys-designstore.com/produit/pack-lella-craquele-turquoise/;data:image/svg+xml,%3Csvg%20xmlns%3D'http%3A%2F%2Fwww.w3.org%2F2000%2Fsvg'%20viewBox%3D'0%200%202160%202160'%2F%3E;03:48.6,,
Kalys;;Le bougeoir Morgène;70.000TND;TND;bougies-et-senteurs, la-touche-deco;https://www.kalys-designstore.com/produit/le-bougeoir-morgene/;data:image/svg+xml,%3Csvg%20xmlns%3D'http%3A%2F%2Fwww.w3.org%2F2000%2Fsvg'%20viewBox%3D'0%200%202560%202560'%2F%3E;03:48.6,,
Kalys;;Le pack Amwej;138.000TND;TND;les-rangements, rangements;https://www.kalys-designstore.com/produit/le-pack-amwej/;data:image/svg+xml,%3Csvg%20xmlns%3D'http%3A%2F%2Fwww.w3.org%2F2000%2Fsvg'%20viewBox%3D'0%200%201500%201500'%2F%3E;03:48.6,,
Kalys;;Le bougeoir Sahara PF;70.000TND;TND;bougies-et-senteurs, la-touche-deco;https://www.kalys-designstore.com/produit/le-bougeoir-sahara-pf/;data:image/svg+xml,%3Csvg%20xmlns%3D'http%3A%2F%2Fwww.w3.org%2F2000%2Fsvg'%20viewBox%3D'0%200%201500%201500'%2F%3E;03:48.6,,
Kalys;;Duo Sahara PF;140.000TND;TND;bougies-et-senteurs, la-touche-deco;https://www.kalys-designstore.com/produit/duo-sahara-pf/;data:image/svg+xml,%3Csvg%20xmlns%3D'http%3A%2F%2Fwww.w3.org%2F2000%2Fsvg'%20viewBox%3D'0%200%201500%201500'%2F%3E;03:48.6,,
Kalys;;Le bougeoir Sahara MF;75.000TND;TND;bougies-et-senteurs, la-touche-deco;https://www.kalys-designstore.com/produit/le-bougeoir-sahara-mf/;data:image/svg+xml,%3Csvg%20xmlns%3D'http%3A%2F%2Fwww.w3.org%2F2000%2Fsvg'%20viewBox%3D'0%200%201744%201744'%2F%3E;03:48.6,,
Kalys;;Le bougeoir Sahara GF;80.000TND;TND;bougies-et-senteurs, la-touche-deco;https://www.kalys-designstore.com/produit/duo-sahara-gf/;data:image/svg+xml,%3Csvg%20xmlns%3D'http%3A%2F%2Fwww.w3.org%2F2000%2Fsvg'%20viewBox%3D'0%200%201744%201744'%2F%3E;03:48.6,,
Kalys;;Le pack Mirath;110.000TND;TND;bougies-et-senteurs, la-touche-deco;https://www.kalys-designstore.com/produit/le-pack-mirath/;data:image/svg+xml,%3Csvg%20xmlns%3D'http%3A%2F%2Fwww.w3.org%2F2000%2Fsvg'%20viewBox%3D'0%200%201744%201744'%2F%3E;03:48.6,,
Kalys;;Le pack Zouhour Premium;93.000TND;TND;bougies-et-senteurs, la-touche-deco;https://www.kalys-designstore.com/produit/le-pack-zouhour-premium/;data:image/svg+xml,%3Csvg%20xmlns%3D'http%3A%2F%2Fwww.w3.org%2F2000%2Fsvg'%20viewBox%3D'0%200%201744%201744'%2F%3E;03:48.6,,
Kalys;;Le pack Zouhour Prestige;133.000TND;TND;bougies-et-senteurs, la-touche-deco;https://www.kalys-designstore.com/produit/le-pack-zouhour-prestige/;data:image/svg+xml,%3Csvg%20xmlns%3D'http%3A%2F%2Fwww.w3.org%2F2000%2Fsvg'%20viewBox%3D'0%200%201744%201744'%2F%3E;03:48.6,,
Kalys;;Le set Chourouk;45.000TND;TND;art-de-la-table, verres-gobelets-et-carafes;https://www.kalys-designstore.com/produit/le-set-chourouk/;data:image/svg+xml,%3Csvg%20xmlns%3D'http%3A%2F%2Fwww.w3.org%2F2000%2Fsvg'%20viewBox%3D'0%200%201744%201744'%2F%3E;03:48.6,,
Kalys;;Le set Olea;45.000TND;TND;art-de-la-table, les-bonnes-affaires, verres-gobelets-et-carafes;https://www.kalys-designstore.com/produit/le-set-olea/;data:image/svg+xml,%3Csvg%20xmlns%3D'http%3A%2F%2Fwww.w3.org%2F2000%2Fsvg'%20viewBox%3D'0%200%202616%202616'%2F%3E;03:51.7,
Kalys;;Le pack Zouhour;53.000TND;TND;bougies-et-senteurs, la-touche-deco;https://www.kalys-designstore.com/produit/le-pack-zouhour/;data:image/svg+xml,%3Csvg%20xmlns%3D'http%3A%2F%2Fwww.w3.org%2F2000%2Fsvg'%20viewBox%3D'0%200%202524%202524'%2F%3E;03:51.7,,
Kalys;;Le diffuseur Zouhour;45.000TND;TND;bougies-et-senteurs, la-touche-deco;https://www.kalys-designstore.com/produit/le-diffuseur-zouhour/;data:image/svg+xml,%3Csvg%20xmlns%3D'http%3A%2F%2Fwww.w3.org%2F2000%2Fsvg'%20viewBox%3D'0%200%202560%202560'%2F%3E;03:51.7,,
Kalys;;Pack Prestige carré;160.500TND;TND;coffrets-cadeaux, prestige;https://www.kalys-designstore.com/produit/pack-prestige-carre-2/;data:image/svg+xml,%3Csvg%20xmlns%3D'http%3A%2F%2Fwww.w3.org%2F2000%2Fsvg'%20viewBox%3D'0%200%201024%201024'%2F%3E;03:51.7,,
Kalys;;Coffret Lella Prestige;190.000TND;TND;coffrets-cadeaux, prestige;https://www.kalys-designstore.com/produit/pack-lella-prestige/;data:image/svg+xml,%3Csvg%20xmlns%3D'http%3A%2F%2Fwww.w3.org%2F2000%2Fsvg'%20viewBox%3D'0%200%201024%201024'%2F%3E;03:51.7,,
Kalys;;Pack Zen Attitude;96.000TND;TND;bougies-et-senteurs, la-touche-deco;https://www.kalys-designstore.com/produit/pack-zen-attitude/;data:image/svg+xml,%3Csvg%20xmlns%3D'http%3A%2F%2Fwww.w3.org%2F2000%2Fsvg'%20viewBox%3D'0%200%201260%201260'%2F%3E;03:51.7,,
Kalys;;Pack Zen;48.000TND;TND;bougies-et-senteurs, la-touche-deco;https://www.kalys-designstore.com/produit/pack-zen/;data:image/svg+xml,%3Csvg%20xmlns%3D'http%3A%2F%2Fwww.w3.org%2F2000%2Fsvg'%20viewBox%3D'0%200%202560%202560'%2F%3E;03:51.7,,
Kalys;;Pack Cube Parfumé;38.000TND;TND;bougies-et-senteurs, la-touche-deco;https://www.kalys-designstore.com/produit/pack-cube-parfume/;data:image/svg+xml,%3Csvg%20xmlns%3D'http%3A%2F%2Fwww.w3.org%2F2000%2Fsvg'%20viewBox%3D'0%200%201135%201135'%2F%3E;03:51.7,,
Kalys;;Pack Premium Senteur;65.500TND;TND;bougies-et-senteurs, la-touche-deco;https://www.kalys-designstore.com/produit/pack-premium-senteur/;data:image/svg+xml,%3Csvg%20xmlns%3D'http%3A%2F%2Fwww.w3.org%2F2000%2Fsvg'%20viewBox%3D'0%200%201208%201208'%2F%3E;03:51.7,,
Kalys;;Pack Fleur;28.000TND;TND;bougies-et-senteurs, la-touche-deco;https://www.kalys-designstore.com/produit/pack-fleur/;data:image/svg+xml,%3Csvg%20xmlns%3D'http%3A%2F%2Fwww.w3.org%2F2000%2Fsvg'%20viewBox%3D'0%200%201135%201135'%2F%3E;03:51.7,,
Kalys;;Pack Premium Noja;95.500TND;TND;bougies-et-senteurs, la-touche-deco;https://www.kalys-designstore.com/produit/pack-premium-noja/;data:image/svg+xml,%3Csvg%20xmlns%3D'http%3A%2F%2Fwww.w3.org%2F2000%2Fsvg'%20viewBox%3D'0%200%201954%201954'%2F%3E;03:51.7,,
Kalys;;Pack Lotus Bloom Desk;56.000TND;TND;art-de-la-table, verres-gobelets-et-carafes;https://www.kalys-designstore.com/produit/pack-lotus-bloom-desk/;data:image/svg+xml,%3Csvg%20xmlns%3D'http%3A%2F%2Fwww.w3.org%2F2000%2Fsvg'%20viewBox%3D'0%200%201406%201406'%2F%3E;03:51.7,,
Kalys;;Service à thé Tulipe;59.000TND;TND;art-de-la-table, verres-gobelets-et-carafes;https://www.kalys-designstore.com/produit/service-a-the-tulipe/;data:image/svg+xml,%3Csvg%20xmlns%3D'http%3A%2F%2Fwww.w3.org%2F2000%2Fsvg'%20viewBox%3D'0%200%202560%202560'%2F%3E;03:55.0,,
Kalys;;Pack Prestige rectangulaire;162.500TND;TND;bougies-et-senteurs, coffrets-cadeaux, la-touche-deco, prestige;https://www.kalys-designstore.com/produit/pack-prestige-rectangulaire/;data:image/svg+xml,%3Csvg%20xmlns%3D'http%3A%2F%2Fwww.w3.org%2F2000%2Fsvg'%20viewBox%3D'0%200%201024%201024'%2F%3E;03:55.0
Kalys;;Pack Héritage;110.000TND;TND;bougies-et-senteurs, la-touche-deco;https://www.kalys-designstore.com/produit/pack-heritage/;data:image/svg+xml,%3Csvg%20xmlns%3D'http%3A%2F%2Fwww.w3.org%2F2000%2Fsvg'%20viewBox%3D'0%200%201690%201690'%2F%3E;03:55.0,,
Kalys;;Coffret Duo Lella;118.000TND;TND;coffrets-cadeaux, prestige;https://www.kalys-designstore.com/produit/duo-lella/;data:image/svg+xml,%3Csvg%20xmlns%3D'http%3A%2F%2Fwww.w3.org%2F2000%2Fsvg'%20viewBox%3D'0%200%201024%201024'%2F%3E;03:55.0,,
Kalys;;La boîte MINA Jaune;24.000TND;TND;les-rangements, rangements;https://www.kalys-designstore.com/produit/la-boite-mina-jaune/;data:image/svg+xml,%3Csvg%20xmlns%3D'http%3A%2F%2Fwww.w3.org%2F2000%2Fsvg'%20viewBox%3D'0%200%201000%201000'%2F%3E;03:55.0,,
Kalys;;La boîte MINA Rose;24.000TND;TND;les-rangements, rangements;https://www.kalys-designstore.com/produit/la-boite-mina-rose/;data:image/svg+xml,%3Csvg%20xmlns%3D'http%3A%2F%2Fwww.w3.org%2F2000%2Fsvg'%20viewBox%3D'0%200%201000%201000'%2F%3E;03:55.0,,
Kalys;;Pack LELLA Craquelé Bleu foncé;164.000TND;TND;art-de-la-table, verres-gobelets-et-carafes;https://www.kalys-designstore.com/produit/pack-lella-craquele-bleu-fonce/;data:image/svg+xml,%3Csvg%20xmlns%3D'http%3A%2F%2Fwww.w3.org%2F2000%2Fsvg'%20viewBox%3D'0%200%202160%202160'%2F%3E;03:55.0,,
Kalys;;Le sac ELISSA Vert;390.000TND;TND;nouveautes, rangements;https://www.kalys-designstore.com/produit/le-sac-elissa-vert/;data:image/svg+xml,%3Csvg%20xmlns%3D'http%3A%2F%2Fwww.w3.org%2F2000%2Fsvg'%20viewBox%3D'0%200%201280%201280'%2F%3E;03:55.0,,
Kalys;;Le sac ELISSA Corail;390.000TND;TND;nouveautes, rangements;https://www.kalys-designstore.com/produit/le-sac-elissa-corail/;data:image/svg+xml,%3Csvg%20xmlns%3D'http%3A%2F%2Fwww.w3.org%2F2000%2Fsvg'%20viewBox%3D'0%200%201280%201280'%2F%3E;03:55.0,,
Kalys;;Le sac ELISSA Cognac;390.000TND;TND;nouveautes, rangements;https://www.kalys-designstore.com/produit/le-sac-elissa-cognac/;data:image/svg+xml,%3Csvg%20xmlns%3D'http%3A%2F%2Fwww.w3.org%2F2000%2Fsvg'%20viewBox%3D'0%200%201280%201280'%2F%3E;03:55.0,,
Kalys;;Le diffuseur Dar Vert pastel;36.000TND;TND;bougies-et-senteurs, les-bonnes-affaires;https://www.kalys-designstore.com/produit/le-diffuseur-dar-vert-pastel/;data:image/svg+xml,%3Csvg%20xmlns%3D'http%3A%2F%2Fwww.w3.org%2F2000%2Fsvg'%20viewBox%3D'0%200%202560%202560'%2F%3E;03:55.0,,
Kalys;;Pack LELLA Craquelé Miel;164.000TND;TND;art-de-la-table, verres-gobelets-et-carafes;https://www.kalys-designstore.com/produit/pack-lella-craquele-miel/;data:image/svg+xml,%3Csvg%20xmlns%3D'http%3A%2F%2Fwww.w3.org%2F2000%2Fsvg'%20viewBox%3D'0%200%202160%202160'%2F%3E;03:55.0,,
Kalys;;La carafe Lella Miel;65.000TND;TND;art-de-la-table, verres-gobelets-et-carafes;https://www.kalys-designstore.com/produit/la-carafe-lella-miel/;data:image/svg+xml,%3Csvg%20xmlns%3D'http%3A%2F%2Fwww.w3.org%2F2000%2Fsvg'%20viewBox%3D'0%200%202560%202560'%2F%3E;03:58.2,,
Kalys;;Service de table Rimel Vert Forêt;295.000TND;TND;art-de-la-table, assiettes-et-plats;https://www.kalys-designstore.com/produit/service-de-table-rimel-vert-foret/;data:image/svg+xml,%3Csvg%20xmlns%3D'http%3A%2F%2Fwww.w3.org%2F2000%2Fsvg'%20viewBox%3D'0%200%202560%202560'%2F%3E;03:58.2,,
Kalys;;Le diffuseur Dar Beige;36.000TND;TND;bougies-et-senteurs, les-bonnes-affaires;https://www.kalys-designstore.com/produit/le-diffuseur-dar-beige-3/;data:image/svg+xml,%3Csvg%20xmlns%3D'http%3A%2F%2Fwww.w3.org%2F2000%2Fsvg'%20viewBox%3D'0%200%202560%202560'%2F%3E;03:58.2,,
Kalys;;Le diffuseur Dar Noir;36.000TND;TND;bougies-et-senteurs, les-bonnes-affaires;https://www.kalys-designstore.com/produit/le-diffuseur-dar-noir/;data:image/svg+xml,%3Csvg%20xmlns%3D'http%3A%2F%2Fwww.w3.org%2F2000%2Fsvg'%20viewBox%3D'0%200%201216%201217'%2F%3E;03:58.2,,
Kalys;;Le cône Nassije;300.000TND;TND;les-bonnes-affaires, luminaires, luminaires-suspendus;https://www.kalys-designstore.com/produit/cone-nassije/;data:image/svg+xml,%3Csvg%20xmlns%3D'http%3A%2F%2Fwww.w3.org%2F2000%2Fsvg'%20viewBox%3D'0%200%202560%202560'%2F%3E;03:58.2,
Kalys;;L'entonnoir Nassije;300.000TND;TND;les-bonnes-affaires, luminaires, luminaires-suspendus;https://www.kalys-designstore.com/produit/lentonnoir-nassije/;data:image/svg+xml,%3Csvg%20xmlns%3D'http%3A%2F%2Fwww.w3.org%2F2000%2Fsvg'%20viewBox%3D'0%200%202560%202560'%2F%3E;03:58.2,
Kalys;;La tour Nassije;240.000TND;TND;luminaires, luminaires-suspendus;https://www.kalys-designstore.com/produit/la-tour-nassije/;data:image/svg+xml,%3Csvg%20xmlns%3D'http%3A%2F%2Fwww.w3.org%2F2000%2Fsvg'%20viewBox%3D'0%200%202560%202560'%2F%3E;03:58.2,,
Kalys;;La petite boîte NOJA Marron;40.000TND;TND;les-rangements, rangements;https://www.kalys-designstore.com/produit/la-petite-boite-noja-marron/;data:image/svg+xml,%3Csvg%20xmlns%3D'http%3A%2F%2Fwww.w3.org%2F2000%2Fsvg'%20viewBox%3D'0%200%20800%20800'%2F%3E;03:58.2,,
Kalys;;Pack Luxe Bleu d'eau;137.500TND;TND;bougies-et-senteurs, la-touche-deco;https://www.kalys-designstore.com/produit/pack-luxe-bleu-deau/;data:image/svg+xml,%3Csvg%20xmlns%3D'http%3A%2F%2Fwww.w3.org%2F2000%2Fsvg'%20viewBox%3D'0%200%201000%201000'%2F%3E;03:58.2,,
Kalys;;Le bougeoir Héritage Rouge;55.000TND;TND;bougies-et-senteurs, la-touche-deco, nouveautes;https://www.kalys-designstore.com/produit/le-bougeoir-heritage-rouge/;data:image/svg+xml,%3Csvg%20xmlns%3D'http%3A%2F%2Fwww.w3.org%2F2000%2Fsvg'%20viewBox%3D'0%200%201000%201000'%2F%3E;03:58.2,
Kalys;;La boîte MINA Beige;24.000TND;TND;les-rangements, rangements;https://www.kalys-designstore.com/produit/la-boite-mina-beige/;data:image/svg+xml,%3Csvg%20xmlns%3D'http%3A%2F%2Fwww.w3.org%2F2000%2Fsvg'%20viewBox%3D'0%200%201000%201000'%2F%3E;03:58.2,,
Kalys;;Le diffuseur ZEN Blanc;40.000TND;TND;bougies-et-senteurs;https://www.kalys-designstore.com/produit/le-diffuseur-zen-blanc/;data:image/svg+xml,%3Csvg%20xmlns%3D'http%3A%2F%2Fwww.w3.org%2F2000%2Fsvg'%20viewBox%3D'0%200%202560%202560'%2F%3E;03:58.2,,,
Kalys;;Pack LELLA Craquelé Transparent;164.000TND;TND;art-de-la-table, verres-gobelets-et-carafes;https://www.kalys-designstore.com/produit/pack-lella-transparent/;data:image/svg+xml,%3Csvg%20xmlns%3D'http%3A%2F%2Fwww.w3.org%2F2000%2Fsvg'%20viewBox%3D'0%200%202160%202160'%2F%3E;04:01.1,,
Kalys;;Le diffuseur ZEN Vert Pastel;40.000TND;TND;bougies-et-senteurs;https://www.kalys-designstore.com/produit/le-diffuseur-zen-vert-pastel/;data:image/svg+xml,%3Csvg%20xmlns%3D'http%3A%2F%2Fwww.w3.org%2F2000%2Fsvg'%20viewBox%3D'0%200%201693%201693'%2F%3E;04:01.1,,,
Kalys;;Le diffuseur ZEN Beige;40.000TND;TND;bougies-et-senteurs;https://www.kalys-designstore.com/produit/le-diffuseur-zen-beige/;data:image/svg+xml,%3Csvg%20xmlns%3D'http%3A%2F%2Fwww.w3.org%2F2000%2Fsvg'%20viewBox%3D'0%200%201693%201693'%2F%3E;04:01.1,,,
Kalys;;Le couffin AMAL Blanc;210.000TND;TND;rangements;https://www.kalys-designstore.com/produit/le-couffin-amal-blanc/;data:image/svg+xml,%3Csvg%20xmlns%3D'http%3A%2F%2Fwww.w3.org%2F2000%2Fsvg'%20viewBox%3D'0%200%201619%201618'%2F%3E;04:01.1,,,
Kalys;;Le couffin AMAL marron;210.000TND;TND;nouveautes, rangements;https://www.kalys-designstore.com/produit/le-couffin-amal-marron/;data:image/svg+xml,%3Csvg%20xmlns%3D'http%3A%2F%2Fwww.w3.org%2F2000%2Fsvg'%20viewBox%3D'0%200%201619%201618'%2F%3E;04:01.1,,
Kalys;;Sélection verres à pied craquelé Transparent;185.000TND;TND;art-de-la-table, verres-gobelets-et-carafes;https://www.kalys-designstore.com/produit/selection-verre-a-pied-craquele-bleu-transparent/;data:image/svg+xml,%3Csvg%20xmlns%3D'http%3A%2F%2Fwww.w3.org%2F2000%2Fsvg'%20viewBox%3D'0%200%201435%201435'%2F%3E;04:01.1,,
Kalys;;Pack Kara Craquelé Bleu foncé;164.000TND;TND;verres-gobelets-et-carafes;https://www.kalys-designstore.com/produit/pack-kara-craquele-bleu-fonce/;data:image/svg+xml,%3Csvg%20xmlns%3D'http%3A%2F%2Fwww.w3.org%2F2000%2Fsvg'%20viewBox%3D'0%200%202160%202160'%2F%3E;04:01.1,,,
Kalys;;Service de table Rimel Vert d'eau | Miel;295.000TND;TND;art-de-la-table, assiettes-et-plats;https://www.kalys-designstore.com/produit/service-de-table-rimel-vert-deau-miel/;data:image/svg+xml,%3Csvg%20xmlns%3D'http%3A%2F%2Fwww.w3.org%2F2000%2Fsvg'%20viewBox%3D'0%200%201702%201702'%2F%3E;04:01.1,,
Kalys;;Sélection de verres craquelé Transparent;99.000TND;TND;art-de-la-table, verres-gobelets-et-carafes;https://www.kalys-designstore.com/produit/selection-craquele-transparent/;data:image/svg+xml,%3Csvg%20xmlns%3D'http%3A%2F%2Fwww.w3.org%2F2000%2Fsvg'%20viewBox%3D'0%200%201000%201000'%2F%3E;04:01.1,,
Kalys;;La carafe KARA Transparent;65.000TND;TND;art-de-la-table, verres-gobelets-et-carafes;https://www.kalys-designstore.com/produit/la-carafe-kara-transparent/;data:image/svg+xml,%3Csvg%20xmlns%3D'http%3A%2F%2Fwww.w3.org%2F2000%2Fsvg'%20viewBox%3D'0%200%201389%201389'%2F%3E;04:01.1,,
Kalys;;Pack KARA Craquelé Transparent;164.000TND;TND;art-de-la-table, verres-gobelets-et-carafes;https://www.kalys-designstore.com/produit/pack-kara-craquele-transparent/;data:image/svg+xml,%3Csvg%20xmlns%3D'http%3A%2F%2Fwww.w3.org%2F2000%2Fsvg'%20viewBox%3D'0%200%202160%202160'%2F%3E;04:01.1,,
Kalys;;Service de table Rimel Vert d'eau;295.000TND;TND;art-de-la-table, assiettes-et-plats;https://www.kalys-designstore.com/produit/service-de-table-rimel-vert-deau/;data:image/svg+xml,%3Csvg%20xmlns%3D'http%3A%2F%2Fwww.w3.org%2F2000%2Fsvg'%20viewBox%3D'0%200%201606%201606'%2F%3E;04:01.1,,
Kalys;;La suspension Ksour;600.000TND;TND;luminaires, luminaires-suspendus;https://www.kalys-designstore.com/produit/la-suspension-ksour/;data:image/svg+xml,%3Csvg%20xmlns%3D'http%3A%2F%2Fwww.w3.org%2F2000%2Fsvg'%20viewBox%3D'0%200%20800%20800'%2F%3E;04:04.4,,
Kalys;;La suspension Noor;750.000TND;TND;luminaires, luminaires-suspendus;https://www.kalys-designstore.com/produit/la-suspension-noor/;data:image/svg+xml,%3Csvg%20xmlns%3D'http%3A%2F%2Fwww.w3.org%2F2000%2Fsvg'%20viewBox%3D'0%200%20800%20800'%2F%3E;04:04.4,,
Kalys;;Le bougeoir Héritage Blanc;55.000TND;TND;bougies-et-senteurs, la-touche-deco, nouveautes;https://www.kalys-designstore.com/produit/le-bougeoir-heritage-blanc/;data:image/svg+xml,%3Csvg%20xmlns%3D'http%3A%2F%2Fwww.w3.org%2F2000%2Fsvg'%20viewBox%3D'0%200%201000%201000'%2F%3E;04:04.4,
Kalys;;Le bougeoir Héritage Noir;55.000TND;TND;bougies-et-senteurs, la-touche-deco, nouveautes;https://www.kalys-designstore.com/produit/bougeoir-heritage/;data:image/svg+xml,%3Csvg%20xmlns%3D'http%3A%2F%2Fwww.w3.org%2F2000%2Fsvg'%20viewBox%3D'0%200%201000%201000'%2F%3E;04:04.4,
Kalys;;Plateau Douz carré;90.000TND;TND;la-touche-deco, les-rangements, mobiliers-et-objets-deco, rangements;https://www.kalys-designstore.com/produit/plateau-douz-carre/;data:image/svg+xml,%3Csvg%20xmlns%3D'http%3A%2F%2Fwww.w3.org%2F2000%2Fsvg'%20viewBox%3D'0%200%20800%20800'%2F%3E;04:04.4
Kalys;;La table Douz PM;300.000TND;TND;la-touche-deco, mobiliers-et-objets-deco;https://www.kalys-designstore.com/produit/la-table-douz/;data:image/svg+xml,%3Csvg%20xmlns%3D'http%3A%2F%2Fwww.w3.org%2F2000%2Fsvg'%20viewBox%3D'0%200%20800%20800'%2F%3E;04:04.4,,
Kalys;;Plateau Douz rectangle;90.000TND;TND;la-touche-deco, les-rangements, mobiliers-et-objets-deco, rangements;https://www.kalys-designstore.com/produit/plateau-douz/;data:image/svg+xml,%3Csvg%20xmlns%3D'http%3A%2F%2Fwww.w3.org%2F2000%2Fsvg'%20viewBox%3D'0%200%20800%20800'%2F%3E;04:04.4
Kalys;;La table Douz GM;550.000TND;TND;la-touche-deco, mobiliers-et-objets-deco;https://www.kalys-designstore.com/produit/table-douz-en-bois-de-palmier/;data:image/svg+xml,%3Csvg%20xmlns%3D'http%3A%2F%2Fwww.w3.org%2F2000%2Fsvg'%20viewBox%3D'0%200%20800%20800'%2F%3E;04:04.4,,
Kalys;;Le petit disque Noja nature;30.000TND;TND;art-de-la-table, accessoires-de-table, les-rangements, rangements;https://www.kalys-designstore.com/produit/le-petit-disque-noja-nature/;data:image/svg+xml,%3Csvg%20xmlns%3D'http%3A%2F%2Fwww.w3.org%2F2000%2Fsvg'%20viewBox%3D'0%200%201200%201200'%2F%3E;04:04.4
Kalys;;Le petit disque Noja marron;30.000TND;TND;art-de-la-table, accessoires-de-table, les-rangements, rangements;https://www.kalys-designstore.com/produit/le-petit-disque-noja-marron/;data:image/svg+xml,%3Csvg%20xmlns%3D'http%3A%2F%2Fwww.w3.org%2F2000%2Fsvg'%20viewBox%3D'0%200%201200%201200'%2F%3E;04:04.4
Kalys;;Le petit disque Noja Bleu d'eau;30.000TND;TND;art-de-la-table, accessoires-de-table, les-rangements, rangements;https://www.kalys-designstore.com/produit/le-petit-disque-noja-bleu-deau/;data:image/svg+xml,%3Csvg%20xmlns%3D'http%3A%2F%2Fwww.w3.org%2F2000%2Fsvg'%20viewBox%3D'0%200%201200%201200'%2F%3E;04:04.4
Kalys;;Galet Vert;20.000TND;TND;bougies-et-senteurs, la-touche-deco;https://www.kalys-designstore.com/produit/galet-vert/;data:image/svg+xml,%3Csvg%20xmlns%3D'http%3A%2F%2Fwww.w3.org%2F2000%2Fsvg'%20viewBox%3D'0%200%201410%201410'%2F%3E;04:04.4,,
Kalys;;Galet Beige;20.000TND;TND;bougies-et-senteurs, la-touche-deco;https://www.kalys-designstore.com/produit/galet-beige/;data:image/svg+xml,%3Csvg%20xmlns%3D'http%3A%2F%2Fwww.w3.org%2F2000%2Fsvg'%20viewBox%3D'0%200%201410%201410'%2F%3E;04:07.5,,
Kalys;;Galet Rose;20.000TND;TND;bougies-et-senteurs, la-touche-deco;https://www.kalys-designstore.com/produit/galet-rose/;data:image/svg+xml,%3Csvg%20xmlns%3D'http%3A%2F%2Fwww.w3.org%2F2000%2Fsvg'%20viewBox%3D'0%200%201410%201410'%2F%3E;04:07.5,,
Kalys;;Le cube à parfum Noir;30.000TND;TND;bougies-et-senteurs, la-touche-deco;https://www.kalys-designstore.com/produit/le-cube-a-parfum-noir/;data:image/svg+xml,%3Csvg%20xmlns%3D'http%3A%2F%2Fwww.w3.org%2F2000%2Fsvg'%20viewBox%3D'0%200%202560%202560'%2F%3E;04:07.5,,
Kalys;;La boîte Elodie PF vert d'eau;18.000TND;TND;les-rangements;https://www.kalys-designstore.com/produit/la-boite-elodie-pf-vert-deau/;data:image/svg+xml,%3Csvg%20xmlns%3D'http%3A%2F%2Fwww.w3.org%2F2000%2Fsvg'%20viewBox%3D'0%200%201000%201000'%2F%3E;04:07.5,,,
Kalys;;La boîte Elodie PF beige;18.000TND;TND;les-rangements, rangements;https://www.kalys-designstore.com/produit/la-boite-elodie-pf-beige/;data:image/svg+xml,%3Csvg%20xmlns%3D'http%3A%2F%2Fwww.w3.org%2F2000%2Fsvg'%20viewBox%3D'0%200%20999%201000'%2F%3E;04:07.5,,
Kalys;;La boîte Elodie GF beige;25.000TND;TND;les-rangements, rangements;https://www.kalys-designstore.com/produit/la-boite-elodie-gf-beige/;data:image/svg+xml,%3Csvg%20xmlns%3D'http%3A%2F%2Fwww.w3.org%2F2000%2Fsvg'%20viewBox%3D'0%200%201000%201001'%2F%3E;04:07.5,,
Kalys;;La boîte Elodie GF vert d'eau;25.000TND;TND;les-rangements, rangements;https://www.kalys-designstore.com/produit/la-boite-elodie-gf-vert-deau/;data:image/svg+xml,%3Csvg%20xmlns%3D'http%3A%2F%2Fwww.w3.org%2F2000%2Fsvg'%20viewBox%3D'0%200%201000%201000'%2F%3E;04:07.5,,
Kalys;;Le plateau Foussana;85.000TND;TND;art-de-la-table, accessoires-de-table, les-rangements, rangements;https://www.kalys-designstore.com/produit/le-plateau-en-marbre-gris/;data:image/svg+xml,%3Csvg%20xmlns%3D'http%3A%2F%2Fwww.w3.org%2F2000%2Fsvg'%20viewBox%3D'0%200%202560%202560'%2F%3E;04:07.5
Kalys;;La boîte MINA Vert Pastel;24.000TND;TND;les-rangements, rangements;https://www.kalys-designstore.com/produit/la-boite-mina-vert-pastel/;data:image/svg+xml,%3Csvg%20xmlns%3D'http%3A%2F%2Fwww.w3.org%2F2000%2Fsvg'%20viewBox%3D'0%200%201000%201000'%2F%3E;04:07.5,,
Kalys;;Le petit mouton noir;50.000TND;TND;la-touche-deco;https://www.kalys-designstore.com/produit/le-petit-mouton-noir/;data:image/svg+xml,%3Csvg%20xmlns%3D'http%3A%2F%2Fwww.w3.org%2F2000%2Fsvg'%20viewBox%3D'0%200%202560%202560'%2F%3E;04:07.5,,,
Kalys;;La boîte MINA noire;24.000TND;TND;les-rangements, rangements;https://www.kalys-designstore.com/produit/la-boite-mina-noire/;data:image/svg+xml,%3Csvg%20xmlns%3D'http%3A%2F%2Fwww.w3.org%2F2000%2Fsvg'%20viewBox%3D'0%200%201000%201000'%2F%3E;04:07.5,,
Kalys;;La fiole au Musc blanc;8.000TND;TND;bougies-et-senteurs, la-touche-deco;https://www.kalys-designstore.com/produit/la-fiole-au-musc-blanc-2/;data:image/svg+xml,%3Csvg%20xmlns%3D'http%3A%2F%2Fwww.w3.org%2F2000%2Fsvg'%20viewBox%3D'0%200%201798%201798'%2F%3E;04:07.5,,
Kalys;;La fiole au jasmin;8.000TND;TND;bougies-et-senteurs, la-touche-deco;https://www.kalys-designstore.com/produit/la-fiole-au-jasmin-2/;data:image/svg+xml,%3Csvg%20xmlns%3D'http%3A%2F%2Fwww.w3.org%2F2000%2Fsvg'%20viewBox%3D'0%200%201798%201798'%2F%3E;04:10.7,,
Kalys;;Solo Lotus Rose;32.000TND;TND;art-de-la-table, verres-gobelets-et-carafes;https://www.kalys-designstore.com/produit/solo-lotus-rose/;data:image/svg+xml,%3Csvg%20xmlns%3D'http%3A%2F%2Fwww.w3.org%2F2000%2Fsvg'%20viewBox%3D'0%200%20748%20748'%2F%3E;04:10.7,,
Kalys;;Solo Lotus Vert;32.000TND;TND;art-de-la-table, verres-gobelets-et-carafes;https://www.kalys-designstore.com/produit/solo-lotus-vert/;data:image/svg+xml,%3Csvg%20xmlns%3D'http%3A%2F%2Fwww.w3.org%2F2000%2Fsvg'%20viewBox%3D'0%200%20554%20554'%2F%3E;04:10.7,,
Kalys;;Pack Luna Craquelé Miel;164.000TND;TND;verres-gobelets-et-carafes;https://www.kalys-designstore.com/produit/pack-luna-craquele-miel/;data:image/svg+xml,%3Csvg%20xmlns%3D'http%3A%2F%2Fwww.w3.org%2F2000%2Fsvg'%20viewBox%3D'0%200%201435%201435'%2F%3E;04:10.7,,,
Kalys;;Solo Lotus Jaune;32.000TND;TND;art-de-la-table, verres-gobelets-et-carafes;https://www.kalys-designstore.com/produit/solo-lotus-jaune/;data:image/svg+xml,%3Csvg%20xmlns%3D'http%3A%2F%2Fwww.w3.org%2F2000%2Fsvg'%20viewBox%3D'0%200%201106%201106'%2F%3E;04:10.7,,
Kalys;;La suspension Mooja Gold PF;160.000TND;TND;luminaires, luminaires-suspendus;https://www.kalys-designstore.com/produit/la-suspension-mooja-gold-pf/;data:image/svg+xml,%3Csvg%20xmlns%3D'http%3A%2F%2Fwww.w3.org%2F2000%2Fsvg'%20viewBox%3D'0%200%201000%201000'%2F%3E;04:10.7,,
Kalys;;La suspension Doora Gold PF;160.000TND;TND;les-bonnes-affaires, luminaires, luminaires-suspendus;https://www.kalys-designstore.com/produit/la-suspension-doora-gold-pf/;data:image/svg+xml,%3Csvg%20xmlns%3D'http%3A%2F%2Fwww.w3.org%2F2000%2Fsvg'%20viewBox%3D'0%200%201000%201000'%2F%3E;04:10.7,
Kalys;;Le carré en marbre Blanc;80.000TND;TND;art-de-la-table, accessoires-de-table, les-rangements, rangements;https://www.kalys-designstore.com/produit/le-carre-en-marbre-blanc/;data:image/svg+xml,%3Csvg%20xmlns%3D'http%3A%2F%2Fwww.w3.org%2F2000%2Fsvg'%20viewBox%3D'0%200%202560%202560'%2F%3E;04:10.7
Kalys;;Le carré en marbre Kadhel;80.000TND;TND;art-de-la-table, accessoires-de-table, les-rangements, rangements;https://www.kalys-designstore.com/produit/le-carre-en-marbre-kadhel/;data:image/svg+xml,%3Csvg%20xmlns%3D'http%3A%2F%2Fwww.w3.org%2F2000%2Fsvg'%20viewBox%3D'0%200%202560%202560'%2F%3E;04:10.7
Kalys;;La suspension Doora Noire PF;160.000TND;TND;les-bonnes-affaires, luminaires, luminaires-suspendus;https://www.kalys-designstore.com/produit/la-suspension-doora-noire-pf/;data:image/svg+xml,%3Csvg%20xmlns%3D'http%3A%2F%2Fwww.w3.org%2F2000%2Fsvg'%20viewBox%3D'0%200%201000%201000'%2F%3E;04:10.7,
Kalys;;Le plateau en marbre Kadhel;85.000TND;TND;art-de-la-table, accessoires-de-table, les-rangements, rangements;https://www.kalys-designstore.com/produit/le-plateau-en-marbre-kadhel/;data:image/svg+xml,%3Csvg%20xmlns%3D'http%3A%2F%2Fwww.w3.org%2F2000%2Fsvg'%20viewBox%3D'0%200%202560%202560'%2F%3E;04:10.7
Kalys;;Le plateau en marbre Blanc;85.000TND;TND;art-de-la-table, accessoires-de-table, les-rangements, rangements;https://www.kalys-designstore.com/produit/le-plateau-en-marbre-blanc/;data:image/svg+xml,%3Csvg%20xmlns%3D'http%3A%2F%2Fwww.w3.org%2F2000%2Fsvg'%20viewBox%3D'0%200%202560%202560'%2F%3E;04:10.7
Kalys;;La console LYRA Noire;440.000TND;TND;la-touche-deco, mobiliers-et-objets-deco;https://www.kalys-designstore.com/produit/la-console-lyra-noire/;data:image/svg+xml,%3Csvg%20xmlns%3D'http%3A%2F%2Fwww.w3.org%2F2000%2Fsvg'%20viewBox%3D'0%200%202560%202560'%2F%3E;04:13.9,,
Kalys;;La suspension Mooja Noire PF;160.000TND;TND;luminaires, luminaires-suspendus;https://www.kalys-designstore.com/produit/la-suspension-mooja-noire-pf/;data:image/svg+xml,%3Csvg%20xmlns%3D'http%3A%2F%2Fwww.w3.org%2F2000%2Fsvg'%20viewBox%3D'0%200%202000%202000'%2F%3E;04:13.9,,
Kalys;;La suspension Mooja Gold;220.000TND;TND;luminaires, luminaires-suspendus;https://www.kalys-designstore.com/produit/la-suspension-mooja-gold/;data:image/svg+xml,%3Csvg%20xmlns%3D'http%3A%2F%2Fwww.w3.org%2F2000%2Fsvg'%20viewBox%3D'0%200%202000%202000'%2F%3E;04:13.9,,
Kalys;;La suspension Mooja Noire;220.000TND;TND;luminaires, luminaires-suspendus;https://www.kalys-designstore.com/produit/la-suspension-mooja-c-noire/;data:image/svg+xml,%3Csvg%20xmlns%3D'http%3A%2F%2Fwww.w3.org%2F2000%2Fsvg'%20viewBox%3D'0%200%202000%202000'%2F%3E;04:13.9,,
Kalys;;La suspension Doora Gold;220.000TND;TND;luminaires, luminaires-suspendus;https://www.kalys-designstore.com/produit/la-suspension-doora-gold/;data:image/svg+xml,%3Csvg%20xmlns%3D'http%3A%2F%2Fwww.w3.org%2F2000%2Fsvg'%20viewBox%3D'0%200%201000%201000'%2F%3E;04:13.9,,
Kalys;;La suspension Doora Noire;220.000TND;TND;luminaires, luminaires-suspendus;https://www.kalys-designstore.com/produit/la-suspension-orna-noire/;data:image/svg+xml,%3Csvg%20xmlns%3D'http%3A%2F%2Fwww.w3.org%2F2000%2Fsvg'%20viewBox%3D'0%200%202304%202304'%2F%3E;04:13.9,,
Kalys;;L'étagère Lyra Noire;180.000TND;TND;la-touche-deco, mobiliers-et-objets-deco;https://www.kalys-designstore.com/produit/etagere-lyra-noir/;data:image/svg+xml,%3Csvg%20xmlns%3D'http%3A%2F%2Fwww.w3.org%2F2000%2Fsvg'%20viewBox%3D'0%200%20800%20800'%2F%3E;04:13.9,,
Kalys;;L'étagère Lyra Blanche;180.000TND;TND;la-touche-deco, mobiliers-et-objets-deco;https://www.kalys-designstore.com/produit/etagere-lyra-blanc/;data:image/svg+xml,%3Csvg%20xmlns%3D'http%3A%2F%2Fwww.w3.org%2F2000%2Fsvg'%20viewBox%3D'0%200%20800%20800'%2F%3E;04:13.9,,
Kalys;;Pack Kara Craquelé Turquoise;164.000TND;TND;verres-gobelets-et-carafes;https://www.kalys-designstore.com/produit/pack-kara-craquele-turquoise/;data:image/svg+xml,%3Csvg%20xmlns%3D'http%3A%2F%2Fwww.w3.org%2F2000%2Fsvg'%20viewBox%3D'0%200%201080%201080'%2F%3E;04:13.9,,,
Kalys;;La console LYRA;440.000TND;TND;la-touche-deco, mobiliers-et-objets-deco;https://www.kalys-designstore.com/produit/la-console-lyra/;data:image/svg+xml,%3Csvg%20xmlns%3D'http%3A%2F%2Fwww.w3.org%2F2000%2Fsvg'%20viewBox%3D'0%200%20800%20800'%2F%3E;04:13.9,,
Kalys;;Pack Kara Craquelé Miel;164.000TND;TND;art-de-la-table, verres-gobelets-et-carafes;https://www.kalys-designstore.com/produit/pack-kara-miel/;data:image/svg+xml,%3Csvg%20xmlns%3D'http%3A%2F%2Fwww.w3.org%2F2000%2Fsvg'%20viewBox%3D'0%200%202160%202160'%2F%3E;04:13.9,,
Kalys;;Pack Foundouk Noir satiné;135.000TND;TND;art-de-la-table, verres-gobelets-et-carafes;https://www.kalys-designstore.com/produit/pack-foundouk-noir-satine/;data:image/svg+xml,%3Csvg%20xmlns%3D'http%3A%2F%2Fwww.w3.org%2F2000%2Fsvg'%20viewBox%3D'0%200%201435%201435'%2F%3E;04:13.9,,
Kalys;;Pack Foundouk Blanc satiné;135.000TND;TND;art-de-la-table;https://www.kalys-designstore.com/produit/pack-foundouk-blanc-satine/;data:image/svg+xml,%3Csvg%20xmlns%3D'http%3A%2F%2Fwww.w3.org%2F2000%2Fsvg'%20viewBox%3D'0%200%201435%201435'%2F%3E;04:17.3,,,
Kalys;;Le cube à parfum Bleu d'eau;30.000TND;TND;bougies-et-senteurs, la-touche-deco;https://www.kalys-designstore.com/produit/le-cube-a-parfum-bleu-deau/;data:image/svg+xml,%3Csvg%20xmlns%3D'http%3A%2F%2Fwww.w3.org%2F2000%2Fsvg'%20viewBox%3D'0%200%202560%202560'%2F%3E;04:17.3,,
Kalys;;Sélection verre à pied craquelé Bleu Foncé;185.000TND;TND;art-de-la-table, verres-gobelets-et-carafes;https://www.kalys-designstore.com/produit/selection-verre-a-pied-craquele-bleu-fonce/;data:image/svg+xml,%3Csvg%20xmlns%3D'http%3A%2F%2Fwww.w3.org%2F2000%2Fsvg'%20viewBox%3D'0%200%201600%201600'%2F%3E;04:17.3,,
Kalys;;La carafe KARA Bleu Foncé;65.000TND;TND;art-de-la-table, verres-gobelets-et-carafes;https://www.kalys-designstore.com/produit/la-carafe-kara-bleu-fonce/;data:image/svg+xml,%3Csvg%20xmlns%3D'http%3A%2F%2Fwww.w3.org%2F2000%2Fsvg'%20viewBox%3D'0%200%202560%202560'%2F%3E;04:17.3,,
Kalys;;Sélection craquelé Bleu Foncé;99.000TND;TND;art-de-la-table, verres-gobelets-et-carafes;https://www.kalys-designstore.com/produit/selection-craquele-bleu-fonce/;data:image/svg+xml,%3Csvg%20xmlns%3D'http%3A%2F%2Fwww.w3.org%2F2000%2Fsvg'%20viewBox%3D'0%200%20800%20800'%2F%3E;04:17.3,,
Kalys;;Panier A Linge Noja nature/marron;145.000TND;TND;paniers-et-trousses, rangements;https://www.kalys-designstore.com/produit/panier-a-linge-noja-nature-marron/;data:image/svg+xml,%3Csvg%20xmlns%3D'http%3A%2F%2Fwww.w3.org%2F2000%2Fsvg'%20viewBox%3D'0%200%202560%202560'%2F%3E;04:17.3,,
Kalys;;Panier A Linge Noja Nature;145.000TND;TND;paniers-et-trousses, rangements;https://www.kalys-designstore.com/produit/panier-a-linge-noja-nature/;data:image/svg+xml,%3Csvg%20xmlns%3D'http%3A%2F%2Fwww.w3.org%2F2000%2Fsvg'%20viewBox%3D'0%200%202560%202560'%2F%3E;04:17.3,,
Kalys;;Panier A Linge Noja;145.000TND;TND;paniers-et-trousses, rangements;https://www.kalys-designstore.com/produit/panier-a-linge/;data:image/svg+xml,%3Csvg%20xmlns%3D'http%3A%2F%2Fwww.w3.org%2F2000%2Fsvg'%20viewBox%3D'0%200%20768%20768'%2F%3E;04:17.3,,
Kalys;;Série de 6 Gobelets Foundouk Bleu;87.000TND;TND;art-de-la-table, assiettes-et-plats, verres-gobelets-et-carafes;https://www.kalys-designstore.com/produit/serie-de-6-gobelets-foundouk-bleu/;data:image/svg+xml,%3Csvg%20xmlns%3D'http%3A%2F%2Fwww.w3.org%2F2000%2Fsvg'%20viewBox%3D'0%200%20800%20800'%2F%3E;04:17.3,
Kalys;;La grande Tortue Blanche;55.000TND;TND;mobiliers-et-objets-deco;https://www.kalys-designstore.com/produit/tortue-blanche/;data:image/svg+xml,%3Csvg%20xmlns%3D'http%3A%2F%2Fwww.w3.org%2F2000%2Fsvg'%20viewBox%3D'0%200%202389%202389'%2F%3E;04:17.3,,,
Kalys;;La grande Tortue Noire;55.000TND;TND;mobiliers-et-objets-deco;https://www.kalys-designstore.com/produit/tortue-noire-g/;data:image/svg+xml,%3Csvg%20xmlns%3D'http%3A%2F%2Fwww.w3.org%2F2000%2Fsvg'%20viewBox%3D'0%200%202389%202389'%2F%3E;04:17.3,,,
Kalys;;Poupée Ommi B;80.000TND;TND;mobiliers-et-objets-deco;https://www.kalys-designstore.com/produit/poupee-ommi-gb/;data:image/svg+xml,%3Csvg%20xmlns%3D'http%3A%2F%2Fwww.w3.org%2F2000%2Fsvg'%20viewBox%3D'0%200%201700%201700'%2F%3E;04:17.3,,,
Kalys;;Poupée Benti B;60.000TND;TND;mobiliers-et-objets-deco;https://www.kalys-designstore.com/produit/poupee-benti-b/;data:image/svg+xml,%3Csvg%20xmlns%3D'http%3A%2F%2Fwww.w3.org%2F2000%2Fsvg'%20viewBox%3D'0%200%201661%201661'%2F%3E;04:20.5,,,
Kalys;;Poupée Ommi N;80.000TND;TND;mobiliers-et-objets-deco;https://www.kalys-designstore.com/produit/poupee-ommi-n/;data:image/svg+xml,%3Csvg%20xmlns%3D'http%3A%2F%2Fwww.w3.org%2F2000%2Fsvg'%20viewBox%3D'0%200%201700%201700'%2F%3E;04:20.5,,,
Kalys;;Poupée Benti N;60.000TND;TND;mobiliers-et-objets-deco;https://www.kalys-designstore.com/produit/poupee-benti-n/;data:image/svg+xml,%3Csvg%20xmlns%3D'http%3A%2F%2Fwww.w3.org%2F2000%2Fsvg'%20viewBox%3D'0%200%201700%201700'%2F%3E;04:20.5,,,
Kalys;;Pack Foundouk Bleu d'eau;135.000TND;TND;verres-gobelets-et-carafes;https://www.kalys-designstore.com/produit/pack-foundouk-2/;data:image/svg+xml,%3Csvg%20xmlns%3D'http%3A%2F%2Fwww.w3.org%2F2000%2Fsvg'%20viewBox%3D'0%200%201435%201435'%2F%3E;04:20.5,,,
Kalys;;Pack Coussins Chèvre;140.000TND;TND;coussins-plaids-et-peaux;https://www.kalys-designstore.com/produit/pack-coussins-chevre/;data:image/svg+xml,%3Csvg%20xmlns%3D'http%3A%2F%2Fwww.w3.org%2F2000%2Fsvg'%20viewBox%3D'0%200%20800%20800'%2F%3E;04:20.5,,,
Kalys;;Pack Foundouk Vert d'eau;135.000TND;TND;art-de-la-table, verres-gobelets-et-carafes;https://www.kalys-designstore.com/produit/pack-foundouk/;data:image/svg+xml,%3Csvg%20xmlns%3D'http%3A%2F%2Fwww.w3.org%2F2000%2Fsvg'%20viewBox%3D'0%200%202160%202160'%2F%3E;04:20.5,,
Kalys;;Sélection Luna craquelé Miel;99.000TND;TND;art-de-la-table, verres-gobelets-et-carafes;https://www.kalys-designstore.com/produit/selection-luna-craquele-miel/;data:image/svg+xml,%3Csvg%20xmlns%3D'http%3A%2F%2Fwww.w3.org%2F2000%2Fsvg'%20viewBox%3D'0%200%20800%20800'%2F%3E;04:20.5,,
Kalys;;La carafe Foundouk Bleu d'eau;48.000TND;TND;art-de-la-table, verres-gobelets-et-carafes;https://www.kalys-designstore.com/produit/la-carafe-foundouk-bleu-deau/;data:image/svg+xml,%3Csvg%20xmlns%3D'http%3A%2F%2Fwww.w3.org%2F2000%2Fsvg'%20viewBox%3D'0%200%20800%20800'%2F%3E;04:20.5,,
Kalys;;La carafe Foundouk Blanc satiné;48.000TND;TND;art-de-la-table, verres-gobelets-et-carafes;https://www.kalys-designstore.com/produit/la-carafe-foundouk-blanc-satine/;data:image/svg+xml,%3Csvg%20xmlns%3D'http%3A%2F%2Fwww.w3.org%2F2000%2Fsvg'%20viewBox%3D'0%200%20800%20800'%2F%3E;04:20.5,,
Kalys;;La carafe Foundouk Noir satiné;48.000TND;TND;art-de-la-table, verres-gobelets-et-carafes;https://www.kalys-designstore.com/produit/la-carafe-foundouk-noir-satine/;data:image/svg+xml,%3Csvg%20xmlns%3D'http%3A%2F%2Fwww.w3.org%2F2000%2Fsvg'%20viewBox%3D'0%200%20800%20800'%2F%3E;04:20.5,,
Kalys;;La carafe Foundouk Vert d'eau;48.000TND;TND;art-de-la-table, verres-gobelets-et-carafes;https://www.kalys-designstore.com/produit/la-carafe-foundouk/;data:image/svg+xml,%3Csvg%20xmlns%3D'http%3A%2F%2Fwww.w3.org%2F2000%2Fsvg'%20viewBox%3D'0%200%20800%20800'%2F%3E;04:20.5,,
Kalys;;Série de 6 Gobelets Foundouk Noir satiné;87.000TND;TND;art-de-la-table, assiettes-et-plats, verres-gobelets-et-carafes;https://www.kalys-designstore.com/produit/serie-de-6-gobelets-foundouk-noir-satine/;data:image/svg+xml,%3Csvg%20xmlns%3D'http%3A%2F%2Fwww.w3.org%2F2000%2Fsvg'%20viewBox%3D'0%200%20800%20800'%2F%3E;04:20.5,
Kalys;;Le grand disque Noja Bleu d'eau;80.000TND;TND;art-de-la-table, accessoires-de-table, les-rangements, rangements;https://www.kalys-designstore.com/produit/le-grand-disque-noja-bleu-deau/;data:image/svg+xml,%3Csvg%20xmlns%3D'http%3A%2F%2Fwww.w3.org%2F2000%2Fsvg'%20viewBox%3D'0%200%20800%20800'%2F%3E;04:23.8
Kalys;;Le Set de table NOJA marron;30.000TND;TND;art-de-la-table, accessoires-de-table, les-rangements, rangements;https://www.kalys-designstore.com/produit/le-set-de-table-noja-marron/;data:image/svg+xml,%3Csvg%20xmlns%3D'http%3A%2F%2Fwww.w3.org%2F2000%2Fsvg'%20viewBox%3D'0%200%20800%20800'%2F%3E;04:23.8
Kalys;;Le Set de table Noja nature;30.000TND;TND;art-de-la-table, accessoires-de-table, les-rangements, rangements;https://www.kalys-designstore.com/produit/le-set-de-table-noja-nature/;data:image/svg+xml,%3Csvg%20xmlns%3D'http%3A%2F%2Fwww.w3.org%2F2000%2Fsvg'%20viewBox%3D'0%200%20800%20800'%2F%3E;04:23.8
Kalys;;Série de 6 Gobelets Foundouk Vert d'eau;87.000TND;TND;art-de-la-table, assiettes-et-plats, verres-gobelets-et-carafes;https://www.kalys-designstore.com/produit/serie-de-6-gobelet-foundouk/;data:image/svg+xml,%3Csvg%20xmlns%3D'http%3A%2F%2Fwww.w3.org%2F2000%2Fsvg'%20viewBox%3D'0%200%20800%20800'%2F%3E;04:23.8,
Kalys;;La table Lyra carré noire;250.000TND;TND;la-touche-deco, mobiliers-et-objets-deco;https://www.kalys-designstore.com/produit/la-table-lyra-carre-noire/;data:image/svg+xml,%3Csvg%20xmlns%3D'http%3A%2F%2Fwww.w3.org%2F2000%2Fsvg'%20viewBox%3D'0%200%202560%202560'%2F%3E;04:23.8,,
Kalys;;La table Lyra noire;250.000TND;TND;la-touche-deco, mobiliers-et-objets-deco;https://www.kalys-designstore.com/produit/la-table-lyra-noire/;data:image/svg+xml,%3Csvg%20xmlns%3D'http%3A%2F%2Fwww.w3.org%2F2000%2Fsvg'%20viewBox%3D'0%200%202560%202560'%2F%3E;04:23.8,,
Kalys;;La table Siena;240.000TND;TND;la-touche-deco, mobiliers-et-objets-deco;https://www.kalys-designstore.com/produit/la-table-siena/;data:image/svg+xml,%3Csvg%20xmlns%3D'http%3A%2F%2Fwww.w3.org%2F2000%2Fsvg'%20viewBox%3D'0%200%20800%20800'%2F%3E;04:23.8,,
Kalys;;Le miroir Alfa Nature;175.000TND;TND;la-touche-deco, mobiliers-et-objets-deco;https://www.kalys-designstore.com/produit/le-miroir-alfa-nature/;data:image/svg+xml,%3Csvg%20xmlns%3D'http%3A%2F%2Fwww.w3.org%2F2000%2Fsvg'%20viewBox%3D'0%200%20800%20800'%2F%3E;04:23.8,,
Kalys;;Le miroir Alfa Marron;175.000TND;TND;la-touche-deco, mobiliers-et-objets-deco;https://www.kalys-designstore.com/produit/le-miroir-alfa-marron/;data:image/svg+xml,%3Csvg%20xmlns%3D'http%3A%2F%2Fwww.w3.org%2F2000%2Fsvg'%20viewBox%3D'0%200%20800%20800'%2F%3E;04:23.8,,
Kalys;;Le grand miroir Khomsa Rose Pale;175.000TND;TND;la-touche-deco, mobiliers-et-objets-deco;https://www.kalys-designstore.com/produit/le-grand-miroir-khomsa-rose-pale/;data:image/svg+xml,%3Csvg%20xmlns%3D'http%3A%2F%2Fwww.w3.org%2F2000%2Fsvg'%20viewBox%3D'0%200%20800%20800'%2F%3E;04:23.8,,
Kalys;;Le miroir Khomsa Or Royal;120.000TND;TND;la-touche-deco, mobiliers-et-objets-deco;https://www.kalys-designstore.com/produit/le-miroir-khomsa-or-royal/;data:image/svg+xml,%3Csvg%20xmlns%3D'http%3A%2F%2Fwww.w3.org%2F2000%2Fsvg'%20viewBox%3D'0%200%20800%20800'%2F%3E;04:23.8,,
Kalys;;Le grand miroir OASIS;220.000TND;TND;la-touche-deco, mobiliers-et-objets-deco;https://www.kalys-designstore.com/produit/le-grand-miroir-oasis/;data:image/svg+xml,%3Csvg%20xmlns%3D'http%3A%2F%2Fwww.w3.org%2F2000%2Fsvg'%20viewBox%3D'0%200%20800%20800'%2F%3E;04:23.8,,
Kalys;;Plateau Cuivre Martelé Gold;120.000TND;TND;art-de-la-table, accessoires-de-table, rangements;https://www.kalys-designstore.com/produit/plateau-cuivre-gold/;data:image/svg+xml,%3Csvg%20xmlns%3D'http%3A%2F%2Fwww.w3.org%2F2000%2Fsvg'%20viewBox%3D'0%200%202000%202000'%2F%3E;04:27.0,
Kalys;;Le Grand miroir poisson;160.000TND;TND;la-touche-deco, mobiliers-et-objets-deco;https://www.kalys-designstore.com/produit/le-grand-miroir-poisson/;data:image/svg+xml,%3Csvg%20xmlns%3D'http%3A%2F%2Fwww.w3.org%2F2000%2Fsvg'%20viewBox%3D'0%200%20800%20800'%2F%3E;04:27.0,,
Kalys;;Pouf en mouton;280.000TND;TND;la-touche-deco, mobiliers-et-objets-deco;https://www.kalys-designstore.com/produit/pouf-mouton/;data:image/svg+xml,%3Csvg%20xmlns%3D'http%3A%2F%2Fwww.w3.org%2F2000%2Fsvg'%20viewBox%3D'0%200%202000%202000'%2F%3E;04:27.0,,
Kalys;;La table Lyra;250.000TND;TND;la-touche-deco, mobiliers-et-objets-deco;https://www.kalys-designstore.com/produit/la-table-lyra/;data:image/svg+xml,%3Csvg%20xmlns%3D'http%3A%2F%2Fwww.w3.org%2F2000%2Fsvg'%20viewBox%3D'0%200%202000%202000'%2F%3E;04:27.0,,
Kalys;;La table Lyra carré;250.000TND;TND;la-touche-deco, mobiliers-et-objets-deco;https://www.kalys-designstore.com/produit/la-table-lyra-carre/;data:image/svg+xml,%3Csvg%20xmlns%3D'http%3A%2F%2Fwww.w3.org%2F2000%2Fsvg'%20viewBox%3D'0%200%202000%202000'%2F%3E;04:27.0,,
Kalys;;Sélection craquelé Miel;99.000TND;TND;art-de-la-table, verres-gobelets-et-carafes;https://www.kalys-designstore.com/produit/selection-craquele-miel/;data:image/svg+xml,%3Csvg%20xmlns%3D'http%3A%2F%2Fwww.w3.org%2F2000%2Fsvg'%20viewBox%3D'0%200%20800%20800'%2F%3E;04:27.0,,
Kalys;;Parfum d'ambiance au Musc blanc 150 ml;27.000TND;TND;bougies-et-senteurs, la-touche-deco;https://www.kalys-designstore.com/produit/parfum-dambiance-au-musc-blanc-gf/;data:image/svg+xml,%3Csvg%20xmlns%3D'http%3A%2F%2Fwww.w3.org%2F2000%2Fsvg'%20viewBox%3D'0%200%20800%20800'%2F%3E;04:27.0,,
Kalys;;Sélection verre à pied craquelé miel;185.000TND;TND;art-de-la-table, verres-gobelets-et-carafes;https://www.kalys-designstore.com/produit/selection-verre-a-pied-miel/;data:image/svg+xml,%3Csvg%20xmlns%3D'http%3A%2F%2Fwww.w3.org%2F2000%2Fsvg'%20viewBox%3D'0%200%202560%202560'%2F%3E;04:27.0,,
Kalys;;Sélection verre à pied Turquoise;185.000TND;TND;art-de-la-table, verres-gobelets-et-carafes;https://www.kalys-designstore.com/produit/selection-verre-a-pied-turquoise/;data:image/svg+xml,%3Csvg%20xmlns%3D'http%3A%2F%2Fwww.w3.org%2F2000%2Fsvg'%20viewBox%3D'0%200%202000%202001'%2F%3E;04:27.0,,
Kalys;;Sélection craquelé turquoise;99.000TND;TND;art-de-la-table, verres-gobelets-et-carafes;https://www.kalys-designstore.com/produit/selection-craquele-bleu/;data:image/svg+xml,%3Csvg%20xmlns%3D'http%3A%2F%2Fwww.w3.org%2F2000%2Fsvg'%20viewBox%3D'0%200%20800%20800'%2F%3E;04:27.0,,
Kalys;;Le miroir Khomsa;120.000TND;TND;la-touche-deco, mobiliers-et-objets-deco;https://www.kalys-designstore.com/produit/le-miroir-khomsa/;data:image/svg+xml,%3Csvg%20xmlns%3D'http%3A%2F%2Fwww.w3.org%2F2000%2Fsvg'%20viewBox%3D'0%200%20800%20800'%2F%3E;04:27.0,,
Kalys;;L'assiette P LOTUS Rose Pastel;18.000TND;TND;art-de-la-table, assiettes-et-plats;https://www.kalys-designstore.com/produit/lassiette-p-lotus-rose-pastel/;data:image/svg+xml,%3Csvg%20xmlns%3D'http%3A%2F%2Fwww.w3.org%2F2000%2Fsvg'%20viewBox%3D'0%200%20800%20800'%2F%3E;04:27.0,,
Kalys;;L'assiette P LOTUS Vert Pastel;18.000TND;TND;art-de-la-table, assiettes-et-plats;https://www.kalys-designstore.com/produit/lassiette-p-lotus-vert-pastel/;data:image/svg+xml,%3Csvg%20xmlns%3D'http%3A%2F%2Fwww.w3.org%2F2000%2Fsvg'%20viewBox%3D'0%200%20800%20800'%2F%3E;04:30.1,,
Kalys;;Le disque Noja bleu d'eau;49.000TND;TND;art-de-la-table, accessoires-de-table, les-rangements, rangements;https://www.kalys-designstore.com/produit/le-disque-noja-bleu-deau/;data:image/svg+xml,%3Csvg%20xmlns%3D'http%3A%2F%2Fwww.w3.org%2F2000%2Fsvg'%20viewBox%3D'0%200%20800%20800'%2F%3E;04:30.1
Kalys;;Bougie EDEN au musc blanc;68.000TND;TND;bougies-et-senteurs, la-touche-deco;https://www.kalys-designstore.com/produit/bougie-eden-au-musc-blanc/;data:image/svg+xml,%3Csvg%20xmlns%3D'http%3A%2F%2Fwww.w3.org%2F2000%2Fsvg'%20viewBox%3D'0%200%201000%201000'%2F%3E;04:30.1,,
Kalys;;Le cube à parfum vert pastel;30.000TND;TND;bougies-et-senteurs, la-touche-deco;https://www.kalys-designstore.com/produit/le-cube-a-parfum-vert-pastel/;data:image/svg+xml,%3Csvg%20xmlns%3D'http%3A%2F%2Fwww.w3.org%2F2000%2Fsvg'%20viewBox%3D'0%200%202560%202560'%2F%3E;04:30.1,,
Kalys;;Le cube à parfum rose pâle;30.000TND;TND;bougies-et-senteurs, la-touche-deco;https://www.kalys-designstore.com/produit/le-cube-a-parfum-rose-pale/;data:image/svg+xml,%3Csvg%20xmlns%3D'http%3A%2F%2Fwww.w3.org%2F2000%2Fsvg'%20viewBox%3D'0%200%202560%202560'%2F%3E;04:30.1,,
Kalys;;Le cube à parfum beige;30.000TND;TND;bougies-et-senteurs, la-touche-deco;https://www.kalys-designstore.com/produit/le-cube-a-parfum-beige/;data:image/svg+xml,%3Csvg%20xmlns%3D'http%3A%2F%2Fwww.w3.org%2F2000%2Fsvg'%20viewBox%3D'0%200%202560%202560'%2F%3E;04:30.1,,
Kalys;;Le Miroir poisson;120.000TND;TND;la-touche-deco, mobiliers-et-objets-deco;https://www.kalys-designstore.com/produit/miroir-poisson/;data:image/svg+xml,%3Csvg%20xmlns%3D'http%3A%2F%2Fwww.w3.org%2F2000%2Fsvg'%20viewBox%3D'0%200%20800%20800'%2F%3E;04:30.1,,
Kalys;;La console SIENA;450.000TND;TND;la-touche-deco, mobiliers-et-objets-deco;https://www.kalys-designstore.com/produit/la-console-siena/;data:image/svg+xml,%3Csvg%20xmlns%3D'http%3A%2F%2Fwww.w3.org%2F2000%2Fsvg'%20viewBox%3D'0%200%20800%20800'%2F%3E;04:30.1,,
Kalys;;Le grand disque Noja marron;80.000TND;TND;art-de-la-table, accessoires-de-table, les-rangements, rangements;https://www.kalys-designstore.com/produit/le-grand-disque-noja-marron/;data:image/svg+xml,%3Csvg%20xmlns%3D'http%3A%2F%2Fwww.w3.org%2F2000%2Fsvg'%20viewBox%3D'0%200%201200%201200'%2F%3E;04:30.1
Kalys;;Le grand disque Noja nature;80.000TND;TND;art-de-la-table, accessoires-de-table, les-rangements, rangements;https://www.kalys-designstore.com/produit/le-grand-disque-noja-nature/;data:image/svg+xml,%3Csvg%20xmlns%3D'http%3A%2F%2Fwww.w3.org%2F2000%2Fsvg'%20viewBox%3D'0%200%201200%201200'%2F%3E;04:30.1
Kalys;;Le miroir OASIS;130.000TND;TND;la-touche-deco, mobiliers-et-objets-deco;https://www.kalys-designstore.com/produit/le-miroir-oasis/;data:image/svg+xml,%3Csvg%20xmlns%3D'http%3A%2F%2Fwww.w3.org%2F2000%2Fsvg'%20viewBox%3D'0%200%20800%20800'%2F%3E;04:30.1,,
Kalys;;La grande boîte NOJA nature;75.000TND;TND;les-rangements, rangements;https://www.kalys-designstore.com/produit/la-grande-boite-noja-nature/;data:image/svg+xml,%3Csvg%20xmlns%3D'http%3A%2F%2Fwww.w3.org%2F2000%2Fsvg'%20viewBox%3D'0%200%20800%20800'%2F%3E;04:30.1,,
Kalys;;La grande boîte NOJA marron;75.000TND;TND;les-bonnes-affaires, les-rangements, rangements;https://www.kalys-designstore.com/produit/la-grande-boite-noja-marron/;data:image/svg+xml,%3Csvg%20xmlns%3D'http%3A%2F%2Fwww.w3.org%2F2000%2Fsvg'%20viewBox%3D'0%200%20800%20800'%2F%3E;04:33.4,
Kalys;;Panier Noja nature /vert d'eau;90.000TND;TND;paniers-et-trousses, rangements;https://www.kalys-designstore.com/produit/le-grand-panier-tresse-nature-vert/;data:image/svg+xml,%3Csvg%20xmlns%3D'http%3A%2F%2Fwww.w3.org%2F2000%2Fsvg'%20viewBox%3D'0%200%20800%20800'%2F%3E;04:33.4,,
Kalys;;Panier Noja nature/marron;90.000TND;TND;paniers-et-trousses, rangements;https://www.kalys-designstore.com/produit/le-grand-panier-tresse-nature-marron/;data:image/svg+xml,%3Csvg%20xmlns%3D'http%3A%2F%2Fwww.w3.org%2F2000%2Fsvg'%20viewBox%3D'0%200%20800%20800'%2F%3E;04:33.4,,
Kalys;;Plateau Cuivre Martelé Argent;120.000TND;TND;art-de-la-table, accessoires-de-table, rangements;https://www.kalys-designstore.com/produit/plateau-cuivre-argent/;data:image/svg+xml,%3Csvg%20xmlns%3D'http%3A%2F%2Fwww.w3.org%2F2000%2Fsvg'%20viewBox%3D'0%200%20800%20800'%2F%3E;04:33.4,
Kalys;;La petite boîte NOJA bleu d'eau;40.000TND;TND;les-rangements, rangements;https://www.kalys-designstore.com/produit/la-petite-boite-noja-bleu-deau/;data:image/svg+xml,%3Csvg%20xmlns%3D'http%3A%2F%2Fwww.w3.org%2F2000%2Fsvg'%20viewBox%3D'0%200%20800%20800'%2F%3E;04:33.4,,
Kalys;;Le disque Noja marron;49.000TND;TND;art-de-la-table, accessoires-de-table, les-rangements, rangements;https://www.kalys-designstore.com/produit/le-disque-noja-marron/;data:image/svg+xml,%3Csvg%20xmlns%3D'http%3A%2F%2Fwww.w3.org%2F2000%2Fsvg'%20viewBox%3D'0%200%202560%202560'%2F%3E;04:33.4
Kalys;;Le disque Noja nature;49.000TND;TND;art-de-la-table, accessoires-de-table, les-rangements, rangements;https://www.kalys-designstore.com/produit/le-disque-noja-nature/;data:image/svg+xml,%3Csvg%20xmlns%3D'http%3A%2F%2Fwww.w3.org%2F2000%2Fsvg'%20viewBox%3D'0%200%202560%202560'%2F%3E;04:33.4
Kalys;;La boîte NOJA marron;56.000TND;TND;les-rangements, rangements;https://www.kalys-designstore.com/produit/la-boite-noja-marron/;data:image/svg+xml,%3Csvg%20xmlns%3D'http%3A%2F%2Fwww.w3.org%2F2000%2Fsvg'%20viewBox%3D'0%200%20800%20800'%2F%3E;04:33.4,,
Kalys;;La boîte NOJA nature;56.000TND;TND;les-bonnes-affaires, les-rangements, rangements;https://www.kalys-designstore.com/produit/la-boite-noja-nature/;data:image/svg+xml,%3Csvg%20xmlns%3D'http%3A%2F%2Fwww.w3.org%2F2000%2Fsvg'%20viewBox%3D'0%200%20800%20800'%2F%3E;04:33.4,
Kalys;;La carafe KARA miel rosé;65.000TND;TND;art-de-la-table, verres-gobelets-et-carafes;https://www.kalys-designstore.com/produit/la-carafe-kara-miel-rose/;data:image/svg+xml,%3Csvg%20xmlns%3D'http%3A%2F%2Fwww.w3.org%2F2000%2Fsvg'%20viewBox%3D'0%200%202003%202003'%2F%3E;04:33.4,,
Kalys;;La carafe KARA Turquoise;65.000TND;TND;art-de-la-table, verres-gobelets-et-carafes;https://www.kalys-designstore.com/produit/la-carafe-kara-turquoise/;data:image/svg+xml,%3Csvg%20xmlns%3D'http%3A%2F%2Fwww.w3.org%2F2000%2Fsvg'%20viewBox%3D'0%200%202560%202560'%2F%3E;04:33.4,,
Kalys;;Bougie LUNA craquelé au musc blanc;72.000TND;TND;bougies-et-senteurs, la-touche-deco;https://www.kalys-designstore.com/produit/bougie-luna-craquele-au-musc-blanc/;data:image/svg+xml,%3Csvg%20xmlns%3D'http%3A%2F%2Fwww.w3.org%2F2000%2Fsvg'%20viewBox%3D'0%200%20800%20800'%2F%3E;04:33.4,,
Kalys;;Bougie LUNA craquelé au jasmin;72.000TND;TND;bougies-et-senteurs, la-touche-deco;https://www.kalys-designstore.com/produit/bougie-luna-craquele-au-jasmin/;data:image/svg+xml,%3Csvg%20xmlns%3D'http%3A%2F%2Fwww.w3.org%2F2000%2Fsvg'%20viewBox%3D'0%200%201000%201000'%2F%3E;04:36.6,,
Kalys;;Bougie EDEN Jasmin;68.000TND;TND;bougies-et-senteurs, la-touche-deco;https://www.kalys-designstore.com/produit/bougie-eden-craquele-au-jasmin/;data:image/svg+xml,%3Csvg%20xmlns%3D'http%3A%2F%2Fwww.w3.org%2F2000%2Fsvg'%20viewBox%3D'0%200%20800%20800'%2F%3E;04:36.6,,
Kalys;;L'étagère Oasis;190.000TND;TND;la-touche-deco, mobiliers-et-objets-deco;https://www.kalys-designstore.com/produit/letagere-oasis/;data:image/svg+xml,%3Csvg%20xmlns%3D'http%3A%2F%2Fwww.w3.org%2F2000%2Fsvg'%20viewBox%3D'0%200%20800%20800'%2F%3E;04:36.6,,
Kalys;;La table Oasis;240.000TND;TND;la-touche-deco, mobiliers-et-objets-deco;https://www.kalys-designstore.com/produit/la-table-oasis/;data:image/svg+xml,%3Csvg%20xmlns%3D'http%3A%2F%2Fwww.w3.org%2F2000%2Fsvg'%20viewBox%3D'0%200%20800%20800'%2F%3E;04:36.6,,
Kalys;;Le petit rectangle en chèvre;55.000TND;TND;coussins-plaids-et-peaux, dans-de-beaux-draps;https://www.kalys-designstore.com/produit/le-petit-rectangle-en-chevre/;data:image/svg+xml,%3Csvg%20xmlns%3D'http%3A%2F%2Fwww.w3.org%2F2000%2Fsvg'%20viewBox%3D'0%200%20800%20800'%2F%3E;04:36.6,,
Kalys;;Le coussin en chèvre;85.000TND;TND;coussins-plaids-et-peaux, dans-de-beaux-draps;https://www.kalys-designstore.com/produit/le-carre-en-chevre/;data:image/svg+xml,%3Csvg%20xmlns%3D'http%3A%2F%2Fwww.w3.org%2F2000%2Fsvg'%20viewBox%3D'0%200%20800%20800'%2F%3E;04:36.6,,
Kalys;;La peau de mouton;99.000TND;TND;coussins-plaids-et-peaux, dans-de-beaux-draps;https://www.kalys-designstore.com/produit/la-peau-de-mouton/;data:image/svg+xml,%3Csvg%20xmlns%3D'http%3A%2F%2Fwww.w3.org%2F2000%2Fsvg'%20viewBox%3D'0%200%20800%20800'%2F%3E;04:36.6,,
Kalys;;La peau de chèvre;89.000TND;TND;coussins-plaids-et-peaux, dans-de-beaux-draps;https://www.kalys-designstore.com/produit/la-peau-de-chevre/;data:image/svg+xml,%3Csvg%20xmlns%3D'http%3A%2F%2Fwww.w3.org%2F2000%2Fsvg'%20viewBox%3D'0%200%20800%20800'%2F%3E;04:36.6,,
Kalys;;Le mouton à bascule;295.000TND;TND;la-touche-deco;https://www.kalys-designstore.com/produit/le-mouton-a-bascule/;data:image/svg+xml,%3Csvg%20xmlns%3D'http%3A%2F%2Fwww.w3.org%2F2000%2Fsvg'%20viewBox%3D'0%200%20800%20800'%2F%3E;04:36.6,,,
Kalys;;Le petit mouton;50.000TND;TND;la-touche-deco;https://www.kalys-designstore.com/produit/le-petit-mouton/;data:image/svg+xml,%3Csvg%20xmlns%3D'http%3A%2F%2Fwww.w3.org%2F2000%2Fsvg'%20viewBox%3D'0%200%20800%20800'%2F%3E;04:36.6,,,
Kalys;;L'entonnoir;240.000TND;TND;les-bonnes-affaires, luminaires, luminaires-suspendus;https://www.kalys-designstore.com/produit/lentonnoir/;data:image/svg+xml,%3Csvg%20xmlns%3D'http%3A%2F%2Fwww.w3.org%2F2000%2Fsvg'%20viewBox%3D'0%200%201000%201000'%2F%3E;04:36.6,
Kalys;;La ruche;240.000TND;TND;les-bonnes-affaires, luminaires, luminaires-suspendus;https://www.kalys-designstore.com/produit/la-ruche/;data:image/svg+xml,%3Csvg%20xmlns%3D'http%3A%2F%2Fwww.w3.org%2F2000%2Fsvg'%20viewBox%3D'0%200%201000%201000'%2F%3E;04:36.6,
